latent_0,latent_1,job_id,anomaly_iforest,anomaly_ocsvm,umap1,umap2,cluster
-0.37157887,-0.19380073,3418309,0,0,6.2240868,-6.7245817,1
-0.42941278,0.073512495,3418314,0,0,5.196483,-7.736317,1
-0.4148472,-0.001278121,3418319,0,0,5.5078316,-7.304331,1
-0.43064845,0.083310604,3418324,0,0,5.250423,-7.8026304,1
-0.4504245,0.3150214,3418329,0,0,6.2249284,-8.918846,1
-0.43892938,0.17468075,3418334,0,0,5.6829076,-8.451299,1
-0.17293346,0.39187527,3418339,0,0,6.7700105,-8.991613,1
0.06858517,0.31862736,3418356,0,0,6.8577433,-8.96385,1
-0.43351448,0.091593415,3418363,0,0,5.3145995,-7.833407,1
-0.38272238,0.08159387,3418368,0,0,5.452737,-7.617857,1
-0.42968696,0.07948162,3418375,0,0,5.289664,-7.695617,1
-0.41499364,0.07258752,3418380,0,0,5.3371506,-7.6434345,1
-0.42806488,0.06565213,3418385,0,0,5.2244725,-7.622114,1
-0.5367729,0.89745986,3418390,0,0,7.2650867,-10.493262,1
-0.43280393,0.143339,3418395,0,0,5.6613297,-8.42427,1
-0.42382592,0.117190436,3418400,0,0,5.4442506,-8.078559,1
-0.035466477,0.32799444,3418405,0,0,6.8875427,-8.977476,1
-0.4253345,0.05267145,3418412,0,0,5.344973,-7.5117755,1
-0.43101525,0.25539935,3418417,0,0,6.1956882,-8.8717785,1
-0.42355013,0.03746598,3418422,0,0,5.422511,-7.416704,1
-0.42486948,0.08616069,3418427,0,0,5.3059597,-7.7532,1
-0.41976196,0.10216068,3418432,0,0,5.396988,-7.9760594,1
-0.5361527,0.8742482,3418437,0,0,7.218705,-10.472391,1
0.04601471,-1.2059124,3418442,0,0,10.039162,-2.5544512,1
-0.43040222,0.075837225,6590371,0,0,5.26946,-7.7517805,1
-0.41709828,0.0137134455,6590376,0,0,5.5258813,-7.36652,1
-0.3959269,-0.12749971,6590381,0,0,6.0944085,-6.816583,1
-0.4284693,0.06979123,6590386,0,0,5.2463408,-7.6209383,1
-0.46716094,0.30359522,6590391,0,0,6.1940117,-8.930933,1
-0.39888358,-0.05561507,6724944,0,0,5.838373,-7.0430636,1
-0.4234823,0.03751837,6724949,0,0,5.401429,-7.4649043,1
-0.09105305,-1.2842494,6933047,0,0,12.079675,-1.657406,1
0.045221195,-0.55920416,6933059,0,0,8.031313,-5.4031324,1
0.011630252,-1.4054936,7053513,0,0,9.554356,-0.6272462,1
-0.27392545,-0.17843486,15705910,0,0,6.3099923,-6.6595287,1
0.10680123,-1.226116,17109330,0,0,9.720679,-2.5444398,1
-0.15935445,-1.4405311,28185708,0,0,11.681565,4.503388,1
0.38272375,-0.9510941,35229152,0,0,8.449003,-3.9153972,1
-0.2867248,-0.747894,39308684,0,0,9.1360655,-5.813875,1
-0.2515728,-0.9436889,39308688,0,0,10.463192,-4.9348125,1
-0.42671132,0.048512492,39308692,0,0,5.354569,-7.4440107,1
-0.13617957,-1.4643089,46542951,0,0,10.968897,6.218734,1
0.038916126,-1.3607523,86753913,0,0,9.567157,-0.9567782,1
-0.31274885,-0.59899306,98680993,0,0,8.742955,-5.8923573,1
-0.20893598,-0.8693114,105360316,0,0,10.108027,-5.178231,1
-0.36517394,-0.30365825,106664144,0,0,6.400295,-6.563404,1
-0.3048811,-0.64144963,109341524,0,0,8.825897,-5.890872,1
-0.27330315,-0.8238616,109344935,0,0,9.306128,-5.7323256,1
-0.20911881,-1.1892587,124371644,0,0,12.216928,-3.3917382,1
-0.15796794,-1.4412266,154376113,0,0,11.708164,4.4820747,1
-0.4618013,0.28705138,155171765,0,0,6.173964,-8.865067,1
-0.18828765,-0.89674336,182939990,0,0,10.276043,-5.0186334,1
-0.10421582,-1.0877851,192299653,0,0,10.826009,-3.7977839,1
-0.15776363,-1.3190879,194963094,0,0,13.716137,-0.08674592,1
-0.4793737,0.36230034,209193844,0,0,6.2552133,-8.975819,1
-0.15114897,-1.516591,212499161,0,0,11.082673,10.702152,1
-0.1952607,0.08616632,215723520,0,0,5.627293,-7.5035205,1
-0.14811766,-1.4521428,232736649,0,0,11.398945,5.1727076,1
-0.15793437,-1.378987,246757899,0,0,12.404915,1.8348255,1
-0.51158303,2.8213005,259235987,1,0,7.5912366,-10.666058,1
-0.14621061,-1.5564481,259659137,0,0,-16.07053,-1.3313173,0
-0.23236893,-0.74843746,260194510,0,0,9.107563,-5.7738066,1
-0.17636687,-1.2112771,261357632,0,0,12.380535,-3.1066372,1
-0.26269823,0.07284358,261595273,0,0,5.616987,-7.438555,1
0.011928156,-0.7488642,287653404,0,0,8.752732,-4.953428,1
-0.18163708,-1.3133756,292046988,0,0,14.221822,0.035663087,1
-0.18165752,-1.3097141,296756903,0,0,14.376444,-0.07265072,1
-0.09421316,-1.3235728,307306810,0,0,12.142517,-0.8684375,1
-0.21703805,-1.1391243,315551614,0,0,11.803146,-3.7168376,1
-0.1390081,-1.0074133,318504156,0,0,10.5372715,-4.2169876,1
0.3159474,-0.93825126,331416465,0,0,8.505623,-3.877621,1
-0.14658873,-1.544327,341499666,0,0,9.350368,16.712246,1
-0.07269995,-1.4662799,350775748,0,0,10.078355,3.2177234,1
-0.18311748,-1.3155583,358933853,0,0,14.192858,0.0587707,1
-0.14844346,-1.519667,358933855,0,0,10.950089,11.104375,1
0.09835781,-0.4158727,370237482,0,0,7.762345,-5.580191,1
-0.14622915,-1.5481651,384861629,0,0,7.616083,18.214231,1
-0.14165954,0.43960238,411248937,0,0,6.781808,-9.016969,1
-0.15983951,-1.3980702,430861762,0,0,12.152891,2.6439621,1
-0.14280364,-1.5449861,437863928,0,0,7.835441,15.861042,1
-0.14126639,-1.5403367,437863935,0,0,8.149784,15.380255,1
-0.14600426,-1.5526472,437863939,0,0,3.9174247,18.209332,1
-0.13130604,-1.2882394,447689838,0,0,12.335545,-1.6638913,1
-0.1498167,-1.4891146,447971550,0,0,10.547229,7.673509,1
-0.13536128,-1.2339981,494787089,0,0,12.217691,-2.440536,1
-0.11692959,-1.5163844,494787097,0,0,8.767364,10.252463,1
0.36446667,-1.056636,498778363,0,0,8.55506,-3.7313468,1
-0.14670935,-1.548095,501114088,0,0,7.820825,18.195478,1
-0.14621061,-1.5564481,515042954,0,0,-16.130924,-1.2422824,0
0.1643639,-1.2459918,516580766,0,0,9.275315,-2.6051955,1
-0.15497437,-1.2841793,516580966,0,0,12.593317,-1.821495,1
-0.11321057,-1.1618404,519524647,0,0,11.741594,-2.9158728,1
-0.08653667,-1.3964702,519524649,0,0,11.495812,0.80613106,1
-0.146389,-1.5514992,532613684,0,0,4.948037,18.473646,1
-0.18489344,-1.3114029,595842024,0,0,14.298312,0.012497676,1
-0.13642767,-1.494784,609252510,0,0,9.556424,8.922918,1
-0.13660775,-1.4997667,609252512,0,0,9.639785,8.938657,1
-0.13570634,-1.5020317,609252514,0,0,9.596942,8.990509,1
-0.1378611,-1.499679,609252516,0,0,9.706512,8.925697,1
-0.110143945,-1.4779855,609260421,0,0,8.785169,9.00687,1
-0.14208247,-1.352566,611190167,0,0,12.387924,1.442668,1
-0.14709046,-1.5443159,612573927,0,0,9.340706,16.715673,1
-0.24136238,-0.8970818,616437105,0,0,10.252324,-5.107252,1
-0.1394065,-1.3949748,616437107,0,0,11.717666,1.1289623,1
-0.09895714,-0.9733437,616564438,0,0,10.444458,-4.117106,1
-0.15710849,-1.2653805,620363598,0,0,12.659021,-2.035662,1
-0.23326528,-0.90267,643855116,0,0,10.286956,-5.0795608,1
-0.45453006,0.40352565,643856032,0,0,6.2439775,-8.988419,1
-0.13752434,-1.5334383,683388149,0,0,9.083213,12.879753,1
-0.14641705,-1.4379203,685455037,0,0,11.545748,4.4310083,1
0.11630522,-0.876275,685461029,0,0,8.835544,-4.503851,1
-0.15116155,-1.5184808,685758680,0,0,11.105034,10.861778,1
-0.20119457,-1.1238071,685758751,0,0,11.72433,-3.7643385,1
-0.14735392,-1.5477804,686717012,0,0,7.9913807,18.108269,1
-0.14730401,-1.548397,686717176,0,0,7.7351894,18.320524,1
-0.15140979,-1.5117761,693486635,0,0,10.957807,9.963047,1
-0.16058564,-1.4361867,693486637,0,0,11.75816,4.301628,1
-0.06220074,-0.27623183,696492866,0,0,7.4813285,-5.9309006,1
-0.09609839,-1.06228,698645235,0,0,10.666749,-3.9170587,1
-0.054567963,-1.1386868,699707924,0,0,10.989932,-2.982714,1
-0.14864802,-0.19743228,699708719,0,0,7.0276566,-6.1851335,1
-0.11710488,-1.3715683,700769429,0,0,11.692664,0.82157207,1
-0.12008334,-1.3335222,700769431,0,0,12.248037,-0.38261482,1
-0.05184865,-1.0700384,718753271,0,0,10.604116,-3.7452166,1
-0.19571404,-1.1056689,740213574,0,0,11.59969,-3.8404274,1
-0.03688495,-0.76845866,752502434,0,0,8.867388,-5.0838156,1
-0.17942634,-0.484564,752760242,0,0,8.094742,-5.8269167,1
0.037677035,-1.2771382,766199538,0,0,10.043255,-2.4230144,1
-0.13255851,-1.2670909,771022573,0,0,12.3588,-1.8833289,1
-0.1438141,-1.5288616,771338739,0,0,9.854101,13.123103,1
-0.14621061,-1.5564481,778322517,0,0,-16.228668,-1.1923772,0
-0.18110815,-1.2589049,793288022,0,0,13.1145735,-2.5386417,1
-0.07120642,-1.3521756,793288025,0,0,11.526337,0.4742149,1
-0.18942854,-1.2707673,793504208,0,0,13.6430435,-2.6804056,1
-0.14720875,-1.471057,837840133,0,0,10.984325,6.3984685,1
0.014275074,-1.4259948,840454103,0,0,9.439437,-0.4848251,1
-0.1428696,-1.519748,871805047,0,0,10.827196,10.950224,1
-0.1406359,-1.5340015,873477572,0,0,9.317239,13.206544,1
-0.41524082,0.07963508,925718046,0,0,5.3461084,-7.6526175,1
-0.11090519,-1.426212,955071036,0,0,10.580357,3.4995298,1
-0.1623832,-1.4265817,969673897,0,0,11.853974,4.028147,1
-0.16610426,-1.2631913,969674408,0,0,12.750475,-2.1326632,1
-0.12309265,-1.4270931,971358055,0,0,10.857922,3.595941,1
0.07726279,-0.1866125,986962601,0,0,7.3750086,-5.7446055,1
-0.13567801,-1.5322537,1005190908,0,0,9.019264,12.769172,1
-0.12891643,-1.4951551,1005246041,0,0,9.377188,9.008755,1
-0.14415169,-1.5483555,1005831088,0,0,7.4793243,16.419352,1
-0.14692578,-1.5498276,1005831090,0,0,6.7353854,18.491932,1
-0.2713213,-0.7770596,1015033007,0,0,9.131777,-5.8240166,1
-0.1374378,-1.4216279,1097525707,0,0,11.573682,3.7833276,1
0.021474317,-1.2938842,1106173310,0,0,10.08205,-2.306338,1
-0.18384922,-1.2633939,1128637731,0,0,13.267624,-2.5909872,1
-0.14621061,-1.5564481,1161381522,0,0,-16.16693,-1.3128818,0
-0.36664206,0.27449423,1170482497,0,0,6.2471695,-8.843726,1
0.36452758,-1.1196524,1184713860,0,0,8.66124,-3.5616314,1
-0.14518048,-1.508684,1202636597,0,0,10.782836,9.8591585,1
-0.12534063,-1.5060853,1205597814,0,0,8.924184,9.97164,1
0.23763244,-0.25502762,1218322450,0,0,7.499311,-5.607896,1
-0.1467457,-1.5489645,1218322587,0,0,7.175413,18.412207,1
-0.18199626,-1.3089119,1221166900,0,0,14.45825,-0.13046892,1
-0.2697109,-0.7873667,1223177256,0,0,9.178712,-5.7941494,1
0.08362092,-0.86299425,1223480094,0,0,8.833243,-4.5153913,1
-0.13554963,-1.5323809,1224526820,0,0,9.001943,12.770394,1
-0.08437899,-1.3943123,1229709861,0,0,11.52891,0.78552103,1
-0.18784672,-1.2678708,1270918872,0,0,13.472308,-2.6221766,1
-0.15192911,-1.4292035,1279055723,0,0,11.666175,4.164742,1
-0.13658866,-1.2620951,1287399870,0,0,12.402196,-1.9371924,1
0.16813745,0.48691195,1297383150,0,0,6.9077992,-9.018269,1
-0.19107614,-1.1737887,1297383672,0,0,12.092745,-3.4104111,1
-0.15080422,-1.5274311,1303031391,0,0,10.702837,12.476127,1
-0.15599167,-1.4809726,1317485965,0,0,10.733516,7.2316794,1
-0.15035374,-1.5294474,1322009214,0,0,10.433907,12.999199,1
-0.1300923,-1.2749428,1328506354,0,0,12.301193,-1.7995023,1
-0.1291959,-1.4913253,1329653148,0,0,9.309164,8.987136,1
-0.14633216,-1.5524048,1332939103,0,0,4.039621,18.306324,1
0.14915256,-1.2664479,1335742303,0,0,9.324346,-2.4735186,1
-0.30949715,-0.60678977,1342043214,0,0,8.695453,-5.924984,1
-0.15433882,-1.4317883,1343463626,0,0,11.674219,4.206891,1
-0.06176769,-0.7703752,1343463628,0,0,8.87986,-5.14768,1
-0.14290625,-1.5287291,1343463734,0,0,9.744059,13.060857,1
-0.31407756,-0.24506195,1343463736,0,0,6.3245115,-6.6508875,1
-0.14578968,-1.533183,1348146260,0,0,9.867443,13.51997,1
-0.10699072,-1.4928958,1352452146,0,0,8.6133175,9.141391,1
-0.13159293,-1.5134758,1358321947,0,0,8.958948,10.316341,1
-0.25346774,-0.08041782,1359172745,0,0,6.077085,-6.887285,1
-0.18511197,-0.5167963,1369509944,0,0,8.161665,-5.8604016,1
-0.23004328,-0.46798003,1369509996,0,0,7.975486,-5.958171,1
-0.14497933,-1.5102825,1388540198,0,0,10.689122,10.03342,1
-0.16305184,-1.4380499,1388566558,0,0,11.751274,4.411952,1
-0.14362583,-1.5467478,1389045295,0,0,7.668137,16.123146,1
-0.14685546,-1.5502703,1389045297,0,0,5.946807,18.51507,1
-0.023564465,-1.4539304,1393056113,0,0,10.028983,3.021852,1
-0.14628412,-1.5536073,1405507228,0,0,2.8124244,17.532053,1
-0.0025161207,-1.1720479,1409698667,0,0,10.402636,-2.700079,1
-0.14621061,-1.5564481,1412625411,0,0,-16.07091,-1.2690167,0
-0.13068013,-1.2366899,1435139915,0,0,12.221414,-2.359035,1
-0.10285628,-1.4535128,1444478784,0,0,10.375984,3.485684,1
-0.13621792,-0.7923665,1465315935,0,0,9.079024,-5.387388,1
-0.14621061,-1.5564481,1488088415,0,0,-16.25165,-1.2229393,0
-0.14621061,-1.5564481,1488089419,0,0,-16.107563,-1.3097235,0
-0.18831585,-1.1719587,1510326178,0,0,12.124744,-3.3785698,1
-0.2386786,-0.99265015,1519424054,0,0,10.534326,-4.829007,1
-0.16879791,-1.384428,1596061083,0,0,12.420373,2.0761333,1
-0.18651511,-1.2694858,1623460225,0,0,13.573892,-2.6228778,1
-0.14619444,-1.5374688,1639398186,0,0,9.775987,14.83593,1
-0.1503425,-1.5229057,1650628364,0,0,10.939378,11.6336355,1
-0.15409577,-1.502082,1694710801,0,0,10.699413,8.827849,1
-0.022405595,-1.3386861,1699314250,0,0,9.816368,-0.7926195,1
-0.1933901,-1.2618314,1702125294,0,0,13.264449,-2.7162864,1
-0.15510592,-1.4781152,1743085591,0,0,10.811049,7.046915,1
-0.15594634,-1.4667093,1749222566,0,0,11.23712,5.800953,1
-0.16740203,-1.3971747,1750995765,0,0,12.285127,2.4572446,1
0.20159586,-0.8000399,1759618836,0,0,8.575307,-4.421924,1
-0.15270235,-1.4961268,1776505648,0,0,10.641342,8.341904,1
-0.14532703,-1.4848951,1814199765,0,0,10.529671,7.624416,1
-0.1508635,-1.4556857,1814199769,0,0,11.376672,5.3103714,1
-0.14699438,-1.5494915,1814199904,0,0,6.9704566,18.464308,1
-0.15482359,-1.4453274,1814199906,0,0,11.632031,4.691714,1
-0.146916,-1.5486242,1814200178,0,0,7.425133,18.362576,1
-0.1696956,-1.3938942,1836173247,0,0,12.332462,2.352945,1
-0.33558792,-0.2600571,1843579567,0,0,6.4088364,-6.5701895,1
-0.14652738,-1.5496837,1862501286,0,0,6.7624316,18.394445,1
-0.13379876,-1.5392395,1863690462,0,0,8.909747,12.989881,1
-0.14476459,-1.5494281,1877300849,0,0,6.5877137,17.882526,1
-0.18293741,-1.311769,1883650996,0,0,14.300617,-0.0127307065,1
-0.14621061,-1.5564481,1930851759,0,0,-16.157122,-1.1981878,0
-0.14621061,-1.5564481,1930851770,0,0,-16.090452,-1.3185576,0
-0.14621061,-1.5564481,1968086762,0,0,-16.016352,-1.2733303,0
-0.09811585,-1.4966447,1968678699,0,0,8.491042,9.213178,1
-0.1441108,-1.5210247,1971328329,0,0,10.834924,11.07755,1
0.24947883,-0.91616374,1983213445,0,0,8.610507,-4.076593,1
-0.14741287,-1.5396851,1985957305,0,0,9.76472,15.101512,1
-0.14621061,-1.5564481,1992404130,0,0,-16.301796,-1.3329656,0
-0.13816184,-1.5041474,2020429258,0,0,9.75186,9.014932,1
-0.16538274,-1.2513151,2020809245,0,0,12.8328495,-2.3361192,1
-0.003920555,-1.3996962,2024770216,0,0,9.615932,-0.62134206,1
-0.146425,-1.5524269,2025898332,0,0,4.0478463,18.332407,1
-0.14612614,-1.5541133,2035323974,0,0,2.6660445,17.407923,1
-0.24719341,-0.93726736,2035852486,0,0,10.389108,-5.014088,1
-0.12975712,-1.500746,2052283888,0,0,9.400353,9.064358,1
-0.06929835,-0.35258824,2111561443,0,0,7.6349216,-5.8851376,1
-0.16285987,-1.4504043,2120383885,0,0,11.577364,4.984803,1
-0.18007265,-1.3316624,2151136976,0,0,13.938144,0.043730292,1
-0.14632185,-1.5475312,2151505431,0,0,8.204242,17.88252,1
-0.16945595,-1.2644151,2153691877,0,0,12.908357,-2.2794206,1
-0.1859118,-1.2733327,2153691881,0,0,13.668041,-2.6054878,1
-0.15760899,-1.2675666,2189835419,0,0,12.609955,-1.9511954,1
0.20325424,-0.44810152,2219020916,0,0,7.781064,-5.380376,1
-0.14893451,-1.5375232,2221332292,0,0,9.837562,14.771371,1
-0.14870453,-1.5360023,2221332388,0,0,9.891262,14.414685,1
-0.14839603,-1.4710225,2225573296,0,0,11.001262,6.3741746,1
-0.14621061,-1.5564481,2226478153,0,0,-16.060907,-1.287537,0
-0.1568051,-1.4654816,2239205555,0,0,11.286988,5.696424,1
-0.14621061,-1.5564481,2274376703,0,0,-16.1401,-1.3185724,0
-0.1462106,-1.5564481,2274376709,0,0,-16.317747,-1.4094602,0
-0.1462106,-1.5564481,2274380521,0,0,-16.306314,-1.2974358,0
-0.14113505,-1.5154681,2278253484,0,0,10.712639,10.528568,1
0.03871171,-1.188146,2298780147,0,0,10.11814,-2.6123214,1
-0.16180983,-1.4035574,2299256394,0,0,12.15306,2.7642257,1
0.11138509,-0.19271758,2307126404,0,0,7.4286604,-5.7383666,1
-0.10578203,-0.6046895,2307478927,0,0,8.243944,-5.553093,1
-0.14621061,-1.5564481,2308130196,0,0,-16.177973,-1.3398854,0
-0.14678162,-1.5506052,2355555091,0,0,5.7994657,18.532776,1
-0.011690289,-1.3947358,2386085568,0,0,9.637865,-0.60991776,1
-0.14685287,-1.5401026,2419542725,0,0,9.772501,15.083288,1
-0.17510287,-1.3583591,2429933372,0,0,12.626373,1.7512331,1
-0.17787296,-1.3357898,2436304495,0,0,13.88678,0.06822558,1
-0.10743141,-1.4407288,2436304513,0,0,10.434129,3.4650528,1
-0.4854139,1.062368,2437926070,0,0,7.367328,-10.574998,1
-0.14055069,0.5844154,2439759656,0,0,6.8366866,-9.080624,1
-0.14621061,-1.5564481,2440955189,0,0,-16.218782,-1.1922371,0
-0.14658278,-1.4851481,2481689374,0,0,10.533861,7.6268773,1
-0.14712013,-1.5110512,2493669643,0,0,10.8457,9.930076,1
0.038969666,-1.2438773,2503185264,0,0,10.064224,-2.4727857,1
-0.275302,0.011714231,2503185266,0,0,5.6552386,-7.349432,1
-0.012764841,-1.3787402,2509801301,0,0,9.67627,-0.6633345,1
-0.118422925,-1.480583,2509801309,0,0,8.856459,8.96735,1
0.77558523,0.70758146,2509801316,1,1,6.967087,-9.006798,1
-0.10870269,-1.3073397,2509801537,0,0,12.202823,-1.2000147,1
-0.42719674,0.4725049,2548202279,0,0,6.3490376,-9.043238,1
-0.17661752,-1.2904617,2602370909,0,0,14.398402,-0.4599634,1
0.13093506,0.841165,2624991179,1,0,7.0495563,-9.34158,1
-0.15790619,-1.3667556,2629682284,0,0,12.447533,1.6906933,1
-0.15871418,-1.4473401,2629682302,0,0,11.612328,4.8526316,1
-0.14958082,-1.5306737,2651959895,0,0,10.299464,13.194091,1
0.1760564,-0.82323784,2653899069,0,0,8.679903,-4.444549,1
0.02323614,-1.3720876,2699599003,0,0,9.579098,-0.8598012,1
-0.013883218,-1.3746469,2715734498,0,0,9.722097,-0.7349642,1
-0.1469939,-1.5424465,2721624458,0,0,9.721975,15.780931,1
-0.10014431,-1.4333451,2721624573,0,0,10.434804,3.4471176,1
-0.118305385,-1.5109278,2721800183,0,0,8.75223,10.085508,1
-0.12803437,-1.5157398,2721800640,0,0,8.855149,10.371377,1
-0.14718698,-1.5336064,2756110603,0,0,9.936034,13.594858,1
-0.19060612,-1.2538995,2759389886,0,0,13.069573,-2.7173884,1
-0.12221423,-1.305796,2780813677,0,0,12.274825,-1.2545173,1
0.46038526,-0.5813103,2780813754,0,0,7.8384876,-4.8283114,1
-0.0891495,-1.4795507,2780813826,0,0,8.541718,9.098109,1
-0.17984682,-1.2778096,2780813989,0,0,13.597753,-2.5493085,1
-0.14722899,-1.5482486,2780814282,0,0,7.8052464,18.250053,1
-0.12514968,-1.5300323,2780814322,0,0,8.728331,10.927806,1
0.5858081,0.12167333,2781977153,1,0,7.51435,-5.1761293,1
-0.20849451,-0.73987836,2800424218,0,0,9.079094,-5.748057,1
-0.14765759,-1.5435811,2847314160,0,0,9.625231,16.078224,1
-0.17399041,-1.3316797,2858956832,0,0,13.890702,0.039335232,1
-0.14285353,-1.5340117,2859662171,0,0,9.494017,13.355443,1
-0.14621061,-1.5564481,2861472341,0,0,-16.058466,-1.3754103,0
-0.14621061,-1.5564481,2861472345,0,0,-16.193087,-1.0163847,0
-0.17306203,-1.3769295,2876140257,0,0,12.451912,2.020887,1
-0.1956062,-1.1174208,2876140269,0,0,11.66945,-3.8058887,1
-0.22161755,-1.1005002,2876140274,0,0,11.639685,-3.8362646,1
-0.14699595,-1.2765127,2887897936,0,0,12.521676,-1.8432447,1
-0.14237681,-1.3194907,2902878525,0,0,13.617764,-0.12553243,1
-0.141921,-1.1651438,2902878580,0,0,11.975211,-3.0073564,1
-0.14605625,-1.5514444,2916101303,0,0,4.944035,18.380648,1
-0.14622407,-1.5510002,2916101306,0,0,5.4859776,18.38588,1
-0.14615574,-1.5518798,2916102641,0,0,4.607339,18.346678,1
-0.146296,-1.551193,2916102644,0,0,5.1963,18.398895,1
-0.14592476,-1.5517942,2920095928,0,0,4.7091746,18.34366,1
-0.14656773,-1.550348,2920181565,0,0,6.061842,18.473593,1
-0.13241988,-1.3941149,2927166315,0,0,11.658163,1.0191624,1
-0.14820725,-1.5445178,2939436917,0,0,9.426826,16.558788,1
-0.14226009,-1.211311,2939504293,0,0,12.172125,-2.7975338,1
-0.18665926,-1.2689589,2939507935,0,0,13.520683,-2.6386924,1
-0.14382151,-1.5478302,2943344645,0,0,7.5841975,16.268097,1
-0.14410903,-1.5473682,2943345853,0,0,7.608174,16.255747,1
-0.14334677,-1.5473047,2943347846,0,0,7.6378345,16.154615,1
-0.14709303,-1.5446808,2947667961,0,0,9.320228,16.755041,1
-0.15421592,-1.4017354,2981740299,0,0,12.06259,2.7893322,1
-0.07021062,-1.2460998,3007227894,0,0,11.811198,-2.042926,1
-0.15122575,-1.5189443,3008128175,0,0,11.075999,10.883143,1
-0.14872506,-1.4883476,3008175555,0,0,10.520134,7.706949,1
-0.13025804,-1.5135578,3009262516,0,0,8.882911,10.351417,1
-0.084851176,-1.4457949,3009262519,0,0,10.257261,3.3380818,1
-0.06690998,-1.4377145,3009262522,0,0,10.177566,3.228045,1
-0.14828104,-1.5232445,3062872954,0,0,10.861141,11.547473,1
-0.08375275,-1.2360836,3066179158,0,0,11.823978,-2.0938437,1
0.03408031,-1.0962147,3086091356,0,0,10.373222,-3.4646883,1
-0.009792224,-1.2320217,3086091420,0,0,10.3235855,-2.4528189,1
-0.14058456,-1.5387832,3086091435,0,0,8.237361,15.253141,1
-0.14221393,-1.5411156,3086091451,0,0,8.112337,15.438561,1
-0.12929308,-1.4558868,3121668061,0,0,10.953334,6.143418,1
-0.15719116,-1.3912487,3128216606,0,0,12.158373,2.5422828,1
-0.14549287,-1.5499498,3137534811,0,0,6.4511786,18.096256,1
-0.13463238,-1.5289489,3137730237,0,0,8.980575,12.665783,1
-0.18040577,-1.2540836,3156704984,0,0,13.0465555,-2.6003335,1
-0.14422575,-1.5368962,3176007645,0,0,9.646796,14.669143,1
-0.14539972,-1.5553975,3208447095,0,0,0.9180988,15.21773,1
-0.15151799,-1.5022782,3214733131,0,0,10.691568,8.837062,1
-0.14690545,-1.5413748,3221686667,0,0,9.745974,15.454033,1
-0.1479371,-1.5330396,3226021697,0,0,9.97383,13.601438,1
-0.16432843,-1.418432,3226021707,0,0,11.935976,3.5853953,1
-0.1419025,-1.542581,3226024692,0,0,8.066893,15.506635,1
0.47529954,-0.7757337,3228838930,0,0,8.102977,-4.438182,1
-0.05850821,-0.5708237,3228839619,0,0,8.136689,-5.547981,1
-0.11860015,-1.516584,3233999021,0,0,8.7791605,10.297446,1
-0.15672551,-1.454816,3239336321,0,0,11.420756,5.2929235,1
-0.067724645,-1.4654928,3244822959,0,0,10.089121,3.2007837,1
0.55627614,-0.47206086,3244832720,1,0,7.757702,-4.8999796,1
0.1837625,-1.1799055,3244847846,0,0,9.122423,-2.946826,1
0.68816227,-0.13715412,3244870802,1,0,7.6236715,-5.0347695,1
-0.14688553,-1.5394806,3255609707,0,0,9.743272,15.102791,1
-0.091444716,-1.5061547,3256949131,0,0,8.487451,9.282963,1
-0.18635109,-1.0371131,3303083898,0,0,10.755645,-4.4134364,1
-0.14695837,-1.5472804,3303084333,0,0,8.190119,17.977077,1
-0.100435145,-0.6233568,3304852209,0,0,8.34052,-5.5324407,1
-0.2055459,-1.1272341,3304852305,0,0,11.723987,-3.7676885,1
-0.14630757,-1.5531837,3310414834,0,0,2.9163902,17.60635,1
-0.16435365,-1.081077,3320797850,0,0,11.364298,-3.9249194,1
-0.2647707,-0.80229676,3322572963,0,0,9.206451,-5.8098564,1
-0.14544281,-1.5504352,3336097381,0,0,6.2797055,18.122519,1
-0.14554381,-1.5551142,3350267310,0,0,0.9791403,15.278967,1
-0.1457909,-1.5498489,3355016124,0,0,6.4690585,18.180666,1
-0.15241668,-1.5002338,3355663137,0,0,10.719059,8.724213,1
-0.1492228,-1.5300238,3381379342,0,0,10.344321,13.11047,1
0.10609333,-1.3731626,3387288030,0,0,9.401864,-2.0042753,1
0.10951106,-0.9034316,3404497452,0,0,8.864471,-4.4138227,1
0.085881904,1.6424109,3405957923,1,0,7.438594,-10.480672,1
-0.17882569,-1.2625982,3414853085,0,0,13.117302,-2.4961097,1
0.034162223,-1.0349033,3431229169,0,0,10.329378,-3.6027005,1
-0.14621061,-1.5564481,3436840924,0,0,-16.19496,-1.1778355,0
-0.14621061,-1.5564481,3436840960,0,0,-16.142994,-1.3442912,0
-0.14621061,-1.5564481,3461629288,0,0,-15.974611,-1.1790156,0
-0.1462106,-1.5564481,3461671900,0,0,-16.381638,-1.3744388,0
-0.1462106,-1.5564481,3461704815,0,0,-16.309717,-1.3768697,0
-0.14621061,-1.5564481,3461750771,0,0,-16.181139,-1.3442867,0
-0.14621061,-1.5564481,3461765058,0,0,-16.198444,-1.284999,0
-0.14621061,-1.5564481,3461769675,0,0,-16.007841,-1.3436723,0
-0.14621061,-1.5564481,3461786521,0,0,-16.091236,-1.3130046,0
-0.14621061,-1.5564481,3461787972,0,0,-16.195637,-1.3889062,0
-0.14529334,-1.555314,3466058276,0,0,0.9611406,15.26099,1
-0.24363194,-0.13448349,3466903612,0,0,6.4182777,-6.573414,1
-0.17592405,-1.2619449,3477177120,0,0,13.094804,-2.4340446,1
-0.16359168,-1.3944262,3478528467,0,0,12.245168,2.4755776,1
-0.1438972,-1.5480019,3478528503,0,0,7.541301,16.276327,1
-0.14965755,-1.5340699,3486168160,0,0,9.985334,13.723556,1
-0.14660296,-1.5521832,3507432212,0,0,4.10738,18.420464,1
-0.16475667,-1.4449143,3507457183,0,0,11.687928,4.7878313,1
-0.14668545,-1.5512205,3508950175,0,0,5.2498603,18.50942,1
0.049830884,-1.4050206,3511841320,0,0,9.516369,-0.83428204,1
-0.14821932,-1.5117756,3518017752,0,0,10.86469,9.9518175,1
-0.14621061,-1.5564481,3520037794,0,0,-16.118694,-1.3587388,0
-0.14621061,-1.5564481,3520037933,0,0,-16.10942,-1.2652546,0
-0.14621061,-1.5564481,3527819762,0,0,-16.127602,-1.056654,0
-0.14621061,-1.5564481,3527823389,0,0,-16.127771,-1.1346605,0
0.38486493,-0.7768218,3528532484,0,0,8.198291,-4.4091578,1
-0.12627223,-0.38321996,3528532667,0,0,7.710354,-5.931791,1
-0.14825884,-1.5213574,3528532728,0,0,10.919895,11.296184,1
-0.14621061,-1.5564481,3536441868,0,0,-16.059082,-1.1527579,0
-0.06686439,-1.2520766,3537558367,0,0,11.782207,-2.0154681,1
-0.15076476,-1.526221,3543030441,0,0,10.787489,12.203684,1
-0.14651749,-1.5491256,3543033703,0,0,7.020601,18.393034,1
-0.06048972,-1.3490263,3544612780,0,0,11.409979,0.3663532,1
-0.16698943,-1.3765365,3544756919,0,0,12.433927,1.9469591,1
0.0028777272,-1.0091535,3553754713,0,0,10.343424,-3.7196515,1
-0.14656349,-1.5448102,3568768186,0,0,9.28262,16.796217,1
-0.14526476,-1.5522963,3568768397,0,0,4.3038425,18.20181,1
-0.14758185,-1.5434091,3570705675,0,0,9.652029,16.02221,1
-0.12485518,-1.5092655,3589194798,0,0,8.873997,10.180947,1
-0.16338888,-1.2758774,3589828274,0,0,12.642704,-1.9424026,1
-0.19232875,-0.9868166,3592534655,0,0,10.552291,-4.6701164,1
-0.15045759,-1.5054637,3600242317,0,0,10.63703,8.961776,1
-0.14621061,-1.5564481,3606222828,0,0,-16.100864,-1.1011875,0
-0.17811123,-1.1970338,3608394906,0,0,12.355443,-3.1417089,1
-0.22612974,-0.9520541,3620730856,0,0,10.458779,-4.991127,1
-0.1500957,-1.5103122,3623260116,0,0,10.837284,9.842806,1
-0.1934632,-1.2334408,3623476482,0,0,12.601452,-3.0833318,1
-0.13049419,-1.5226611,3623946070,0,0,8.85412,10.66995,1
-0.020618856,-0.9080884,3629832358,0,0,10.117278,-4.0970645,1
-0.14701392,-1.547761,3630669687,0,0,7.9898286,18.10915,1
0.26289594,-1.1347954,3635976171,0,0,8.862221,-3.2543986,1
-0.15554687,-1.490482,3636560950,0,0,10.595089,7.6355743,1
-0.72921467,2.3576262,3638155221,1,0,7.578843,-10.664715,1
-0.14529474,-1.5550663,3638783942,0,0,0.9779932,15.278815,1
-0.1694786,-1.4186622,3644402257,0,0,11.955154,3.5888324,1
-0.1824036,-1.3140762,3663502429,0,0,14.257806,0.0232066,1
-0.14233467,-1.5441309,3668158187,0,0,7.907244,15.729641,1
-0.15105677,-1.5248555,3668158425,0,0,10.854816,11.998856,1
-0.18859074,-1.2262553,3669607176,0,0,12.556823,-3.1107824,1
-0.14987616,-1.5104598,3669607308,0,0,10.845654,9.810791,1
-0.12186421,-1.5314904,3673031028,0,0,8.734584,10.922388,1
-0.09085171,-1.4977702,3674898158,0,0,8.4702215,9.2315035,1
1.1262553,-0.60219675,3695027940,1,1,7.79332,-4.7445927,1
0.125335,-1.3452672,3695028243,0,0,9.390667,-2.1179702,1
-0.15703015,-1.2725543,3698335268,0,0,12.561713,-1.8969762,1
-0.18600908,-1.266049,3716105913,0,0,13.3994,-2.633499,1
-0.13757262,-1.3935035,3717263303,0,0,11.716281,1.1314156,1
-0.14178766,-1.475559,3717263307,0,0,10.992971,6.40549,1
-0.14153758,-1.3963388,3717263309,0,0,11.741148,1.1894811,1
-0.14218272,-1.4639198,3717263311,0,0,11.0325985,6.190979,1
-0.13472429,-1.3922716,3717263313,0,0,11.677184,1.0282745,1
-0.14471151,-1.4669805,3717263317,0,0,10.997212,6.3236647,1
-0.13639101,-1.3918368,3717263319,0,0,11.700095,1.0810213,1
-0.14461637,-1.4710394,3717263325,0,0,11.038165,6.3340244,1
-0.13702072,-1.3928535,3717263328,0,0,11.692764,1.0737361,1
-0.14377114,-1.4688905,3717263356,0,0,11.0058565,6.397831,1
-0.14610532,-1.5502745,3717264428,0,0,6.182489,18.280432,1
-0.1462538,-1.5497812,3717272781,0,0,6.5967054,18.36247,1
-0.14648326,-1.5489439,3717273268,0,0,7.1773715,18.37557,1
-0.1461935,-1.5502771,3717273515,0,0,6.223062,18.324984,1
-0.14616491,-1.5504009,3717273889,0,0,6.0683427,18.354486,1
-0.42747116,0.10549964,3720250606,0,0,5.3960876,-8.039912,1
-0.063389115,-1.1894695,3720276857,0,0,11.27781,-2.6966753,1
-0.16716686,-1.3769894,3724789731,0,0,12.444615,1.9752517,1
0.25134122,-1.2355977,3727144341,0,0,9.07352,-2.9130416,1
0.101270154,-1.3600291,3727334302,0,0,9.44493,-2.0044491,1
-0.14848396,-1.5405594,3730198063,0,0,9.796787,15.343,1
-0.14641815,-1.5534168,3730481037,0,0,2.8551002,17.558254,1
-0.14223538,-1.4661502,3730489914,0,0,10.982183,6.305682,1
-0.18221009,-1.3131347,3730490659,0,0,14.191659,0.082080245,1
-0.14547911,-1.5491227,3737037305,0,0,6.6125846,17.977928,1
-0.14499362,-1.5523782,3737037307,0,0,4.3475204,18.11903,1
-0.04014319,-1.4807171,3737127911,0,0,10.049325,3.13362,1
-0.14573506,-1.5189801,3738146922,0,0,10.908298,11.018568,1
-0.18972093,-1.2715789,3758966589,0,0,13.656959,-2.690693,1
-0.15274143,-1.5107969,3759260366,0,0,10.942933,9.920619,1
-0.14996627,-1.528426,3759267910,0,0,10.534841,12.832822,1
-0.14670576,-1.550958,3759278577,0,0,5.597869,18.520317,1
-0.15078537,-1.5238408,3759279896,0,0,10.896328,11.824779,1
-0.15030438,-1.5261985,3760052844,0,0,10.810615,12.18138,1
-0.15033196,-1.5255375,3760070065,0,0,10.822864,12.120809,1
-0.1505634,-1.5255308,3760073500,0,0,10.815465,12.140623,1
-0.15056375,-1.5250977,3760073532,0,0,10.825991,12.033668,1
-0.15003519,-1.5275939,3760073647,0,0,10.629082,12.624409,1
-0.20764557,-1.1870238,3763074646,0,0,12.221042,-3.3581824,1
-0.1467793,-1.551474,3764695015,0,0,5.0781674,18.52439,1
-0.14745724,-1.5476611,3765376284,0,0,8.01263,18.107206,1
-0.14525196,-1.5474712,3768539610,0,0,7.6903124,16.52875,1
-0.15321757,-1.5125579,3768539866,0,0,11.088518,10.1014595,1
-0.14370532,-1.5455166,3768540157,0,0,7.763023,15.996884,1
-0.16274792,-1.4568168,3768540354,0,0,11.415083,5.337484,1
0.12484768,-0.4127556,3769731259,0,0,7.719689,-5.535165,1
-0.5306888,1.0326778,3769731849,0,0,7.3272867,-10.551481,1
-0.58968204,1.1238171,3769731871,1,0,7.368694,-10.600177,1
-0.5904685,1.0587293,3769731987,1,0,7.3232684,-10.611866,1
-0.57741827,1.0594603,3769732082,0,0,7.2886477,-10.522543,1
-0.5893427,1.0482575,3769732502,1,1,7.312423,-10.641054,1
-0.6122511,1.2419218,3769733753,1,0,7.3979154,-10.598466,1
-0.6439919,1.5513186,3769733917,1,1,7.50403,-10.63543,1
-0.61603695,1.2987895,3769733984,1,0,7.4687223,-10.626277,1
-0.51381916,1.1976599,3769734076,0,0,7.4095984,-10.578124,1
-0.5559288,1.1813557,3769734124,0,0,7.44078,-10.625685,1
-0.4710763,1.417431,3769734281,1,0,7.471619,-10.5962715,1
-0.28692877,1.2017567,3769734324,1,0,7.420275,-10.583065,1
-0.32724553,1.4222647,3769734479,1,0,7.5351696,-10.567831,1
0.07409155,1.1355361,3769734550,1,0,7.3573594,-10.364727,1
0.056412816,1.2060717,3769734721,1,0,7.3735957,-10.377411,1
-0.1470343,-1.549018,3770097103,0,0,7.1727886,18.408579,1
-0.1454725,-1.5508786,3772924726,0,0,6.123223,18.104124,1
-0.14655063,-1.5516605,3772925932,0,0,4.8599296,18.48817,1
-0.18684143,-0.9360269,3777843056,0,0,10.486789,-4.868838,1
-0.1842662,-1.3081359,3790648377,0,0,14.454319,-0.14706059,1
-0.16309601,-1.446978,3790648484,0,0,11.6589575,4.7986403,1
-0.14458744,-1.5493542,3799596159,0,0,6.567348,17.85362,1
-0.14819176,-1.5036206,3800634543,0,0,10.585922,8.915448,1
-0.11782517,-1.3521128,3800673284,0,0,11.853855,0.51495236,1
-0.25790644,-0.76622355,3800750574,0,0,9.084342,-5.8353796,1
-0.15428716,-1.5038365,3811215646,0,0,10.724444,8.873234,1
-0.14596534,-1.5224218,3816556374,0,0,10.835692,11.358316,1
-0.15802397,-1.3569052,3829017570,0,0,12.538002,1.632498,1
-0.10346247,-1.0036337,3832279015,0,0,10.506171,-4.1266646,1
-0.10072148,-1.5016116,3832550615,0,0,8.4926605,9.2605715,1
-0.14759836,-1.5458785,3847241534,0,0,8.890535,17.483925,1
-0.19298159,-1.2419072,3855401689,0,0,12.808049,-2.9313219,1
-0.14752981,-1.5282007,3855401880,0,0,10.218538,13.058533,1
-0.1407716,-1.5159591,3860873158,0,0,10.725742,10.626343,1
-0.14710177,-1.5446085,3860873192,0,0,9.334157,16.735136,1
-0.14663614,-1.550657,3860873257,0,0,5.8092823,18.519714,1
-0.14659391,-1.5444908,3860873369,0,0,9.317417,16.75351,1
-0.14708057,-1.5496758,3860873439,0,0,6.813546,18.487709,1
-0.14523906,-1.5486907,3860876166,0,0,6.635252,17.911821,1
-0.44807315,0.17086478,3860876201,0,0,5.6634927,-8.435249,1
-0.44688785,0.16393577,3860876889,0,0,5.6562643,-8.424621,1
-0.44673783,0.16316636,3860876949,0,0,5.6283784,-8.401115,1
-0.14694032,-1.5505588,3860877046,0,0,5.817214,18.56224,1
0.2539022,-1.0106894,3860877378,0,0,8.592411,-3.7756324,1
-0.14763379,-1.5376583,3860877451,0,0,9.812317,14.8153,1
-0.14644375,-1.5517454,3860877651,0,0,4.751387,18.444143,1
-0.35516042,-0.31193742,3861001586,0,0,6.4321094,-6.5609727,1
0.5483822,-0.57884073,3861305715,1,0,7.8169336,-4.8319774,1
-0.1472573,-1.542791,3862136857,0,0,9.72441,15.8044195,1
-0.080996916,-1.4526055,3862138044,0,0,10.191262,3.2688963,1
-0.08788465,-1.3944869,3862138691,0,0,11.537674,0.8307645,1
-0.14669774,-1.5520982,3872416739,0,0,4.2033973,18.447369,1
1.1132292,-0.4382485,3873439907,1,1,7.748632,-4.8055153,1
-0.0005199164,-1.4209703,3873440138,0,0,9.487096,-0.47802562,1
0.15676044,-1.3041714,3873441424,0,0,9.372683,-2.335779,1
-0.1891685,-1.2737004,3892507636,0,0,13.661021,-2.6427662,1
-0.19139792,-1.2708112,3892511458,0,0,13.649621,-2.7066379,1
-0.15822706,-1.4643112,3892515572,0,0,11.2965355,5.6496563,1
-0.14644074,-1.5494343,3893359568,0,0,6.8619566,18.363256,1
-0.14678784,-1.5482163,3893564452,0,0,7.721297,18.280748,1
-0.14785719,-1.5037725,3893898024,0,0,10.517455,8.993784,1
-0.15264916,-1.4856063,3893898064,0,0,10.621873,7.531165,1
-0.14639913,-1.552057,3893898190,0,0,4.3001275,18.403154,1
-0.14621061,-1.5564481,3893898337,0,0,-15.920073,-1.1524192,0
-0.1496258,-1.5303117,3900765852,0,0,10.346534,13.106243,1
-0.1460186,-1.551572,3911641020,0,0,4.7895617,18.344688,1
-0.14621061,-1.5564481,3915608727,0,0,-16.249445,-1.3035674,0
-0.1390755,-1.5395952,3931542872,0,0,8.196527,15.301634,1
-0.16322717,-1.4540468,3931543641,0,0,11.538281,5.127397,1
-0.17945097,-1.3606535,3936670257,0,0,12.650065,1.7516229,1
-0.15790436,-1.4850899,3938250465,0,0,10.707525,7.372757,1
-0.15215304,-1.5199558,3938250524,0,0,11.075742,10.994291,1
-0.019238248,-1.2524884,3938717708,0,0,10.359105,-2.3809931,1
-0.14636898,-1.5320845,3951012660,0,0,9.930199,13.455393,1
-0.16895272,-1.3646508,3952906759,0,0,12.62666,1.7327741,1
-0.1588494,-1.4385108,3953770810,0,0,11.716885,4.425604,1
-0.15433936,-1.5009085,3959617756,0,0,10.678611,8.822252,1
-0.14647356,-1.5531851,3961023475,0,0,2.919667,17.610174,1
-0.1442767,-1.5010954,3971836226,0,0,10.334144,8.889056,1
-0.1469959,-1.5308774,3974992415,0,0,10.066577,13.354989,1
-0.4860416,0.41455612,3990224092,0,0,6.25749,-8.988429,1
-0.52786684,0.6450599,3990224117,0,1,6.3444996,-9.0785675,1
-0.46845102,0.2885058,3990224152,0,0,6.204812,-8.904882,1
-0.15188606,-1.5145627,3990907812,0,0,11.037572,10.223097,1
-0.24210727,-0.9087685,3995535152,0,0,10.40798,-4.988996,1
-0.16524185,-1.4325815,3995535761,0,0,11.818277,4.1520734,1
-0.15702507,-1.4853433,3995602568,0,0,10.668065,7.4275465,1
-0.18568407,-1.217413,3995602836,0,0,12.446859,-3.1432793,1
-0.020227417,-1.3366756,3995602840,0,0,9.837334,-0.7470275,1
-0.13754408,-1.505423,3995602855,0,0,9.709812,9.08495,1
-0.14709926,-1.5392667,3995603167,0,0,9.7678995,15.028232,1
-0.15466867,-1.4268744,3995603181,0,0,11.739535,4.0875435,1
0.40381998,-0.5810214,3995607351,0,0,7.865172,-4.874338,1
0.25814003,-0.54230064,3995607384,0,0,7.843579,-5.122171,1
-0.009176791,-1.3973234,3995607400,0,0,9.614589,-0.5929235,1
-0.11633346,-1.3924872,3995607423,0,0,11.605218,0.9221904,1
0.24998285,-0.59920007,3995607455,0,0,7.9513497,-5.086933,1
-0.108532034,-1.5076576,3995652394,0,0,8.566943,9.52084,1
-0.1006037,-1.1664349,3995652931,0,0,11.580031,-2.8494675,1
-0.14333394,-1.5488616,3995661466,0,0,7.525294,16.322275,1
-0.1780212,-1.2997853,3995729971,0,0,14.44145,-0.37205917,1
0.3248077,-1.0437255,3996125377,0,0,8.643433,-3.6303086,1
0.07137342,0.4247437,3996132741,0,0,6.9000263,-8.974774,1
-0.12193349,-1.5240854,3996137586,0,0,8.763159,10.751806,1
0.08464919,-1.0472567,3996150474,0,0,10.265598,-3.4918542,1
-0.0100684315,-0.75961787,3996506423,0,0,8.788052,-4.9969125,1
-0.1415692,-0.7634507,3996513912,0,0,9.045563,-5.4533687,1
0.06813814,-1.0615553,3996514874,0,0,10.319101,-3.5293965,1
-0.14850272,-1.3738536,3996515093,0,0,12.263465,1.6078628,1
0.11193688,-1.2985545,3996515114,0,0,9.417907,-2.2573435,1
0.49242955,-1.0675122,3996515143,1,0,8.533338,-3.7483754,1
-0.13714585,-1.2125176,3996515221,0,0,12.123293,-2.7608378,1
0.084346846,-1.3410093,3996515256,0,0,9.442856,-1.966734,1
-0.14582704,-1.5458335,3996517988,0,0,8.753522,17.420544,1
-0.094182715,-1.2801932,3996529267,0,0,12.088721,-1.7151252,1
-0.24231306,-1.0031842,3996804578,0,0,10.589746,-4.773755,1
0.22756697,-0.06484616,3996806186,0,0,7.3991413,-5.7223015,1
-0.072277546,-1.4447595,3997754641,0,0,10.217199,3.2011688,1
-0.105582014,-1.4902354,3997754673,0,0,8.617219,9.124965,1
-0.12959245,-1.5236214,3997754712,0,0,8.799783,10.716071,1
-0.15759447,-1.3220245,3997754731,0,0,13.763445,-0.05328953,1
-0.16357452,-1.4315251,3998245034,0,0,11.832776,4.1585097,1
-0.14415498,-1.3731936,3998245471,0,0,12.185369,1.445117,1
-0.14628337,-1.5459911,3998246322,0,0,8.716681,17.55094,1
-0.14615661,-1.552492,3998246369,0,0,4.000862,18.25106,1
-0.14219779,-1.541979,3998246386,0,0,8.080436,15.473916,1
-0.1678262,-1.3870088,3998279899,0,0,12.385117,2.1653397,1
0.812108,-0.07600683,3998352223,1,0,7.5986557,-5.0343103,1
-0.07134691,-1.474365,3998352835,0,0,10.081248,3.2462966,1
-0.22807522,-0.92614657,3998469417,0,0,10.365402,-5.035513,1
-0.14617892,-1.551062,3998523914,0,0,5.3128123,18.394197,1
-0.41345966,0.11029869,3998532724,0,0,5.413891,-8.00511,1
-0.35842663,-0.2359054,3998532786,0,0,6.332565,-6.6330147,1
-0.14698532,-1.5444118,3998534004,0,0,9.332636,16.728123,1
-0.14693634,-1.5448273,3998535201,0,0,9.355727,16.725405,1
-0.14603373,-1.5248672,3998604258,0,0,10.776775,11.583623,1
-0.14801703,-1.521633,3998981052,0,0,10.914642,11.364508,1
-0.16563958,-1.4319338,4000288744,0,0,11.843898,4.1181154,1
0.03607066,-1.2350906,4001088740,0,0,10.084663,-2.473162,1
-0.17201462,-1.3952616,4001406395,0,0,12.325265,2.3731878,1
-0.1468679,-1.546672,4001921653,0,0,8.475205,17.755922,1
-0.14600573,-1.5446775,4005211674,0,0,9.267144,16.791399,1
-0.008102998,-1.4045682,4006507922,0,0,9.571623,-0.5605301,1
-0.14690109,-1.5508021,4016113371,0,0,5.75568,18.540836,1
-0.14724061,-1.5457095,4027680078,0,0,8.941937,17.442068,1
0.06937261,-0.75980145,4028922835,0,0,8.7265005,-4.7789226,1
-0.13997415,-1.5428103,4029853136,0,0,8.043354,15.513276,1
-0.14785275,-1.542382,4029983750,0,0,9.691644,15.814094,1
-0.14793624,-1.5254232,4029983840,0,0,10.759369,11.873733,1
-0.15738794,-1.2917012,4029984095,0,0,12.690536,-1.7417142,1
-0.17669514,-1.2089673,4029984487,0,0,12.382798,-3.148651,1
-0.14710987,-1.5473207,4030410232,0,0,8.197272,17.97665,1
-0.14708143,-1.5472671,4030410353,0,0,8.11924,18.046879,1
-0.15440792,-1.5064768,4030553685,0,0,10.734979,9.030055,1
-0.14664492,-1.552315,4031118633,0,0,4.085832,18.393084,1
-0.14507003,-1.5548743,4034911254,0,0,0.9396125,15.23949,1
-0.21891569,-1.1355298,4043474559,0,0,11.776518,-3.7297168,1
-0.18712144,-1.3165194,4043486514,0,0,14.270897,0.012502071,1
-0.046763793,-0.97037923,4047561214,0,0,10.351922,-4.0397215,1
0.020745292,-1.3728504,4047566818,0,0,9.599098,-0.90315354,1
-0.14719287,-1.5477728,4049536337,0,0,7.9959707,18.111586,1
-0.1459563,-1.5467314,4052219406,0,0,8.444017,17.646158,1
-0.14749199,-1.5458695,4052220666,0,0,8.922618,17.451128,1
-0.16852245,-1.4147505,4056694977,0,0,11.986111,3.4659185,1
-0.18208596,-1.3120337,4071696924,0,0,14.328293,-0.059286963,1
-0.14666802,-1.5522581,4072975493,0,0,4.101359,18.418772,1
-0.15577978,-1.4913539,4081026342,0,0,10.6410265,7.630334,1
-0.23597513,-0.980495,4084190889,0,0,10.528509,-4.859141,1
-0.14877927,-1.490617,4084217696,0,0,10.517424,7.7332163,1
-0.1338389,-1.5349616,4093289082,0,0,8.956799,12.828993,1
-0.18271072,-1.3103966,4099842851,0,0,14.37667,-0.08412825,1
-0.16145799,-1.414766,4099874287,0,0,11.952816,3.4460685,1
-0.16021052,-1.4637924,4102355432,0,0,11.309637,5.635212,1
-0.14648233,-1.5544152,4102624469,0,0,2.663608,17.406143,1
-0.14686063,-1.5465258,4110240997,0,0,8.615745,17.657408,1
-0.1466037,-1.5537457,4121195473,0,0,2.70621,17.442694,1
-0.15753952,-1.2782428,4126042134,0,0,12.5943,-1.8916701,1
-0.14461882,-1.5545955,4129366369,0,0,0.9295927,15.229437,1
0.4344055,-0.4689433,4129695341,0,0,7.7944098,-4.8853974,1
-0.19315755,-1.1710497,4131371989,0,0,12.104053,-3.4530945,1
-0.1964443,-0.82417834,4132017211,0,0,9.434387,-5.4744015,1
-0.14034198,-1.5137085,4133787475,0,0,10.6722,10.43082,1
-0.15026619,-1.5264009,4134760595,0,0,10.774802,12.234186,1
-0.13397662,-1.5317047,4135159796,0,0,8.981457,12.721397,1
-0.15044102,-1.5248706,4139247338,0,0,10.838577,12.051977,1
-0.14452408,-1.5542531,4159711209,0,0,0.8646324,15.164436,1
-0.14435472,-1.5543967,4159715207,0,0,0.86641014,15.16628,1
-0.14674306,-1.5307953,4160825211,0,0,10.038164,13.354342,1
-0.14698593,-1.5489715,4161244154,0,0,7.1997037,18.42475,1
-0.14524254,-1.5551406,4197900834,0,0,0.93624175,15.236911,1
-0.14433256,-1.5543832,4200495666,0,0,0.8613851,15.161263,1
-0.29853433,-0.36930192,4202070514,0,0,6.529433,-6.5035534,1
-0.40173566,-0.09573138,4202070616,0,0,6.0219674,-6.8753734,1
-0.1755869,-1.3832937,4202071607,0,0,12.429362,2.0755026,1
0.23905711,-1.1265815,4202071618,0,0,8.895137,-3.2297184,1
0.16799732,-1.3054622,4204107348,0,0,9.312514,-2.3962243,1
-0.14765875,-1.5422431,4204187256,0,0,9.7400055,15.754814,1
-0.10018407,-1.4961605,4204188168,0,0,8.495241,9.222393,1
-0.1495023,-1.2011625,4204193163,0,0,12.145672,-2.8631546,1
-0.21444796,-1.1541649,4212174977,0,0,11.840672,-3.6799703,1
-0.18207686,-1.303033,4219020815,0,0,14.50201,-0.26864994,1
-0.14469801,-1.5537928,4221661693,0,0,0.8379187,15.137934,1
-0.14500566,-1.5547813,4221661728,0,0,0.9109492,15.210939,1
-0.19210887,-1.2731375,4234618433,0,0,13.676388,-2.6798937,1
-0.13932237,-1.5301937,4242880472,0,0,9.32226,13.012921,1
-0.18239121,-1.3161075,4242880691,0,0,14.200659,0.047363743,1
-0.18267952,-1.3097637,4242892829,0,0,14.428204,-0.11838687,1
-0.14116961,-1.5452526,4248105819,0,0,7.8773456,15.769885,1
-0.14523453,-1.5504293,4252600227,0,0,6.257607,18.121181,1
-0.14552476,-1.549472,4252607556,0,0,6.5463343,18.008274,1
-0.0062054545,-1.4037808,4261690441,0,0,9.570923,-0.557458,1
-0.18841042,-1.2713441,4264745685,0,0,13.633033,-2.6251175,1
-0.14964369,-1.5287808,4275758773,0,0,10.448334,12.971982,1
-0.15982005,-1.3200303,4276383039,0,0,13.7502985,-0.047277827,1
-0.14674003,-1.5514685,4279163885,0,0,5.065881,18.52891,1
-0.14468877,-1.5391703,4279407057,0,0,9.701478,14.999544,1
-0.14803132,-1.543276,4279749965,0,0,9.686819,15.914494,1
-0.14743163,-1.5206224,4279750145,0,0,10.945964,11.171973,1
-0.14648764,-1.5521992,4279751790,0,0,4.1233387,18.382738,1
-0.15224734,-1.5175017,4292921307,0,0,11.095251,10.796745,1
-0.14557661,-1.4409493,4294109845,0,0,11.561619,4.49517,1
-0.15142137,-1.4797195,4296735047,0,0,10.761816,7.136112,1
-0.14730524,-1.5468009,4296736489,0,0,8.367114,17.877428,1
-0.14622995,-1.5517734,4297550804,0,0,4.68476,18.377916,1
-0.14621061,-1.5564481,4297551713,0,0,-16.152952,-1.4459265,0
-0.14621061,-1.5564481,4297552690,0,0,-15.887417,-1.3699697,0
-0.14638618,-1.5531312,4297553423,0,0,2.953033,17.636019,1
-0.14769363,-1.5326303,4297554779,0,0,9.968117,13.572135,1
-0.1465193,-1.551917,4297554814,0,0,4.4305296,18.437572,1
-0.14881219,-1.531686,4297702070,0,0,10.187661,13.328744,1
-0.14832152,-1.5230057,4319188403,0,0,10.889845,11.470442,1
-0.14804792,-1.5296701,4320866548,0,0,10.287154,13.189483,1
-0.1539248,-1.4422368,4322427400,0,0,11.657935,4.529318,1
-0.15167694,-1.5213038,4338955184,0,0,11.0223465,11.2762375,1
-0.14619353,-1.5407121,4340570461,0,0,9.746468,15.215451,1
0.023292333,-1.4017702,4344717799,0,0,9.55251,-0.7275944,1
-0.12860054,-1.5187832,4346896712,0,0,8.8329525,10.518235,1
-0.14669612,-1.5286418,4346898072,0,0,10.178532,13.156024,1
-0.14376067,-1.5482904,4351945033,0,0,7.5049796,16.30313,1
-0.14203393,-1.5465809,4351950083,0,0,7.761837,15.948712,1
-0.14299002,-1.5477964,4352231253,0,0,7.659067,16.120632,1
-0.15088253,-1.5236748,4352471260,0,0,10.912646,11.717691,1
-0.14681238,-1.5515087,4374347510,0,0,5.058003,18.537546,1
-0.14668678,-1.5520205,4374347550,0,0,4.2940555,18.455725,1
-0.14621061,-1.5564481,4381301192,0,0,-16.312244,-1.0778335,0
-0.14621061,-1.5564481,4391105601,0,0,-15.956074,-1.0886824,0
-0.14621061,-1.5564481,4392480606,0,0,-16.071365,-1.2431756,0
-0.18728986,-1.0194129,4394576383,0,0,10.645285,-4.5311956,1
-0.14919952,-1.5096775,4400046220,0,0,10.821276,9.837985,1
-0.14364825,-1.4938799,4412679814,0,0,10.340538,8.13614,1
0.03019774,-1.3769583,4414984239,0,0,9.547818,-0.8542091,1
-0.15394187,-1.4094936,4416216626,0,0,11.998842,3.0373707,1
-0.14957541,-1.4382874,4416217682,0,0,11.619997,4.417559,1
-0.1519686,-1.3966835,4416218197,0,0,12.07217,2.6636329,1
-0.14704138,-1.5480262,4416218436,0,0,7.861066,18.21691,1
-0.14701742,-1.5419899,4416218504,0,0,9.74245,15.69894,1
-0.14621061,-1.5564481,4418222478,0,0,-16.320673,-1.1541078,0
-0.14508954,-1.5551881,4419538066,0,0,0.88461894,15.184707,1
-0.007057123,-1.4007949,4419752507,0,0,9.637148,-0.5604282,1
0.017069101,-1.4328269,4420033984,0,0,9.461559,-0.5018309,1
-0.026270792,-1.4467233,4420205420,0,0,10.029653,2.9341366,1
0.030509427,-1.2733371,4423851596,0,0,10.104192,-2.4209473,1
-0.14666669,-1.5522813,4430762734,0,0,4.1078,18.429417,1
-0.14688452,-1.5505675,4430762995,0,0,5.83473,18.533405,1
-0.14734979,-1.5456351,4437816674,0,0,8.932799,17.471384,1
-0.14732707,-1.5458168,4437816731,0,0,8.8860445,17.483807,1
-0.14732695,-1.5456752,4437816799,0,0,8.956294,17.429895,1
-0.14444858,-1.5534617,4463028201,0,0,0.86062133,15.160515,1
-0.012644902,-1.1855881,4463592990,0,0,10.438903,-2.6046054,1
-0.14094199,-1.5325035,4465819256,0,0,9.359907,13.142751,1
-0.9858243,3.5613298,4472621957,1,1,7.5989304,-10.682181,1
-0.1521576,-1.5140715,4474140233,0,0,11.011008,10.138754,1
-0.14816183,-1.5345682,4476641835,0,0,9.943342,13.766909,1
0.2534147,-1.197412,4476643377,0,0,9.019112,-3.013981,1
-0.7451278,2.4342892,4476805516,1,0,7.6255193,-10.705967,1
-0.36754417,0.043262083,4476806578,0,0,5.510774,-7.353882,1
-0.118564434,-1.4857147,4476806752,0,0,8.872772,9.012462,1
-0.11120124,-1.4514853,4481744739,0,0,10.373763,3.5052836,1
-0.14723441,-1.5482165,4481744777,0,0,7.822504,18.271824,1
-0.19239888,-1.2218341,4482924045,0,0,12.504328,-3.1511784,1
-0.14672683,-1.5508813,4484592772,0,0,5.6516886,18.523851,1
-0.15420279,-1.5011847,4484974089,0,0,10.731846,8.774793,1
-0.39752686,-0.10144058,4490021231,0,0,5.997565,-6.893244,1
-0.14457907,-1.5544466,4494033425,0,0,0.86967075,15.169699,1
-0.1481168,-1.5428672,4500529445,0,0,9.702755,15.865588,1
-0.18229601,-1.2464772,4502378605,0,0,12.95028,-2.7203598,1
0.09009902,-1.2257903,4520637677,0,0,9.84062,-2.5476527,1
-0.14629,-1.5470444,4524037965,0,0,8.333471,17.794735,1
-0.14621061,-1.5564481,4526625372,0,0,-15.995076,-1.2458227,0
0.074627414,-1.1996163,4527720971,0,0,9.948973,-2.5698824,1
-0.17613271,-1.3581268,4533318992,0,0,12.683783,1.6955488,1
-0.14740184,-1.5374771,4533350618,0,0,9.811786,14.80504,1
0.115709886,-0.5855146,4533731831,0,0,7.959321,-5.310965,1
0.047608152,-0.5342295,4534188658,0,0,7.9383707,-5.501334,1
-0.123557135,-1.4934429,4537077583,0,0,9.171502,9.03957,1
-0.1295818,-1.4981954,4537077728,0,0,9.3807535,9.033086,1
-0.13238826,-1.4983057,4537082914,0,0,9.420293,9.02834,1
-0.12461023,-1.492375,4537083792,0,0,9.233536,9.005932,1
-0.14717537,-1.5169314,4537387235,0,0,11.012373,10.855763,1
-0.11661307,-1.4842585,4537387277,0,0,8.865634,9.017854,1
-0.1131106,-1.4823478,4537388768,0,0,8.795913,8.951966,1
-0.14729515,-1.5117284,4537388888,0,0,10.798573,9.903435,1
-0.10401976,-1.3670276,4541545075,0,0,11.694553,0.6473879,1
-0.14698058,-1.5491452,4545195242,0,0,7.101038,18.443409,1
-0.15610957,-1.4738723,4550640759,0,0,10.918313,6.7113786,1
-0.20152195,-1.2175397,4560561604,0,0,12.48105,-3.1759136,1
-0.16612151,-1.3344569,4562502873,0,0,13.833334,0.042241443,1
-0.1689047,-1.4047688,4564095007,0,0,12.217278,2.7542753,1
-0.15375128,-1.472539,4564442965,0,0,10.960165,6.5729165,1
-0.28995413,-0.73501724,4566214763,0,0,9.083446,-5.8595963,1
-0.15650846,-1.4892682,4568987344,0,0,10.612429,7.6003213,1
-0.14621061,-1.5564481,4569113336,0,0,-16.15105,-1.1612659,0
-0.14621061,-1.5564481,4569113379,0,0,-16.04723,-1.3975794,0
-0.14330813,-1.5271176,4571361683,0,0,9.867685,13.041546,1
-0.16867837,-1.3879907,4574322251,0,0,12.343199,2.205792,1
-0.08556387,-1.5136553,4577270030,0,0,8.475425,9.280622,1
-0.12766127,-1.5287129,4578633504,0,0,8.737666,10.92416,1
-0.123822264,-1.5292996,4578638302,0,0,8.737223,10.911738,1
-0.14139272,-1.5364103,4582400074,0,0,9.275903,13.484068,1
-0.14677751,-1.5515791,4591138741,0,0,5.054852,18.536476,1
-0.1490809,-1.4167739,4601095795,0,0,11.796241,3.5243566,1
-0.14616397,-1.5530661,4601096070,0,0,3.0009496,17.667244,1
-0.15766174,-1.461753,4604537103,0,0,11.345072,5.527921,1
0.142843,0.28606498,4608809893,0,0,6.8546886,-8.923546,1
-0.14376706,-1.5327772,4615674607,0,0,9.693489,13.311205,1
-0.12916784,-1.523456,4616936046,0,0,8.799301,10.797151,1
-0.1101604,-1.4582511,4620051871,0,0,10.350336,3.5317724,1
-0.17434493,-1.2961673,4621869722,0,0,14.425751,-0.4005223,1
-0.1464165,-1.5540918,4622055674,0,0,2.6427066,17.386806,1
-0.147674,-1.5334488,4622557763,0,0,9.943895,13.610567,1
-0.14800416,-1.5378269,4624415996,0,0,9.8313465,14.790093,1
-0.26882648,-0.78954273,4625197987,0,0,9.149786,-5.8043437,1
-0.14715184,-1.5334345,4640026292,0,0,9.937824,13.663407,1
-0.15070648,-1.4016079,4640027304,0,0,12.032095,2.8044531,1
-0.14427815,-1.5475616,4640563472,0,0,7.5593176,16.294157,1
-0.13286898,-1.5306032,4644685552,0,0,8.972158,12.659148,1
-0.14301077,-1.4935437,4645263687,0,0,10.350526,8.121248,1
-0.15483545,-1.4815558,4645263712,0,0,10.74347,7.2188993,1
-0.14636974,-1.5530854,4645263787,0,0,2.978464,17.658812,1
-0.14639568,-1.5540249,4645263861,0,0,2.7025294,17.442333,1
-0.14636645,-1.5521077,4646372533,0,0,4.386932,18.42007,1
-0.18752831,-1.2765567,4646705078,0,0,13.677746,-2.6516776,1
-0.17592251,-1.2949365,4650381071,0,0,14.416713,-0.41790253,1
-0.14461525,-1.5470415,4652685954,0,0,7.618497,16.355234,1
-0.14621061,-1.5564481,4660178451,0,0,-16.254725,-1.1074053,0
-0.14636561,-1.5540602,4661766853,0,0,2.6862836,17.426788,1
-0.16537765,-1.4379506,4663661893,0,0,11.858434,4.28877,1
0.45700544,-0.8198133,4664326597,0,0,8.217994,-4.293881,1
0.049338743,-0.019304514,4665617026,0,0,7.3636227,-5.8139453,1
-0.06402565,-0.93868876,4665712396,0,0,10.295023,-4.0856214,1
-0.045806043,-0.26761785,4665712499,0,0,7.475864,-5.8848624,1
-0.21923652,-0.96900135,4665891113,0,0,10.5329895,-4.837482,1
-0.14849061,-1.4743663,4665892165,0,0,10.941141,6.5649595,1
