job_id,PC1,PC2,PC3,PC4,PC5
3418309,0.7093158679827692,-1.1539433623809017,0.0,0.0,0.0
3418314,0.9131153673968019,-1.4279828152169334,0.0,0.0,0.0
3418319,0.8522311919023247,-1.3567675190273238,0.0,0.0,0.0
3418324,0.9227738176597529,-1.4348605578122782,0.0,0.0,0.0
3418329,1.1760708907009392,-1.5641767746992457,0.0,0.0,0.0
3418334,1.0211021865764371,-1.4872586364430487,0.0,0.0,0.0
3418339,2.0065772523934373,-0.5914363458835299,0.0,0.0,0.0
3418356,2.6085103493179984,0.27182181813314227,0.0,0.0,0.0
3418363,0.926375209134047,-1.4474152168317216,0.0,0.0,0.0
3418368,1.0403863317887396,-1.259149618966597,0.0,0.0,0.0
3418375,0.9201978300038549,-1.4304039117238434,0.0,0.0,0.0
3418380,0.9479896048205716,-1.3746716731120752,0.0,0.0,0.0
3418385,0.906260304150928,-1.4211527533387003,0.0,0.0,0.0
3418390,1.7413314130917488,-2.0549517410520144,0.0,0.0,0.0
3418395,0.9955902193523347,-1.4570797472593275,0.0,0.0,0.0
3418400,0.9840103296162549,-1.417720560144565,0.0,0.0,0.0
3418405,2.302820774970206,-0.09872004360833474,0.0,0.0,0.0
3418412,0.8962021571769344,-1.408022216074624,0.0,0.0,0.0
3418417,1.14679982418084,-1.4775044200289953,0.0,0.0,0.0
3418422,0.8808839133080064,-1.3978709215181313,0.0,0.0,0.0
3418427,0.9409574728075056,-1.414205977294895,0.0,0.0,0.0
3418432,0.974595902488833,-1.3991945234769354,0.0,0.0,0.0
3418437,1.7102154292049392,-2.045392491931062,0.0,0.0,0.0
3418442,0.3768621904446908,0.6534243301809485,0.0,0.0,0.0
6590371,0.9136633794077753,-1.4321865827629412,0.0,0.0,0.0
6590376,0.866108276217351,-1.3685500443199978,0.0,0.0,0.0
6590381,0.7352125174725674,-1.2580554015701184,0.0,0.0,0.0
6590386,0.9106344153320437,-1.4236212047196382,0.0,0.0,0.0
6590391,1.1185321819650444,-1.6239963376224917,0.0,0.0,0.0
6724944,0.8213454038491012,-1.2855850821965835,0.0,0.0,0.0
6724949,0.8811214263005942,-1.3976334085255435,0.0,0.0,0.0
6933047,-0.07246781324326786,0.18242621171315399,0.0,0.0,0.0
6933059,1.2575970634766842,0.40133495682854164,0.0,0.0,0.0
7053513,0.0074559065973534835,0.6238273060124753,0.0,0.0,0.0
15705910,0.9703501079037292,-0.8092778022570671,0.0,0.0,0.0
17109330,0.4977539754552397,0.8882593687078618,0.0,0.0,0.0
28185708,-0.47881990168627114,-0.009895357964367196,0.0,0.0,0.0
35229152,1.6091059905775755,1.8086259444299722,0.0,0.0,0.0
39308684,0.1869812954160427,-0.7110964713335375,0.0,0.0,0.0
39308688,0.006589766848053189,-0.5284520417481369,0.0,0.0,0.0
39308692,0.8873481352497347,-1.4121244584448422,0.0,0.0,0.0
46542951,-0.45461766612629756,0.08971675520498405,0.0,0.0,0.0
86753913,0.13970615030766487,0.7034405036435831,0.0,0.0,0.0
98680993,0.32226627142668623,-0.843811862336653,0.0,0.0,0.0
105360316,0.21518182390236623,-0.39512817287641133,0.0,0.0,0.0
106664144,0.581856802560424,-1.1050163706480922,0.0,0.0,0.0
109341524,0.28508285296722113,-0.8045866655198546,0.0,0.0,0.0
109344935,0.11716522902542466,-0.6417804322957358,0.0,0.0,0.0
124371644,-0.23388433843266937,-0.2939382625129844,0.0,0.0,0.0
154376113,-0.47625028212411674,-0.0042569527683221815,0.0,0.0,0.0
155171765,1.110416849097567,-1.5997995695024951,0.0,0.0,0.0
182939990,0.22877668991376202,-0.3123473965153644,0.0,0.0,0.0
192299653,0.17296326684300428,0.05616159372983517,0.0,0.0,0.0
194963094,-0.29219172420059986,-0.05326367855563595,0.0,0.0,0.0
209193844,1.1646584524128265,-1.684690071615655,0.0,0.0,0.0
212499161,-0.5747600632626564,0.05499234738492546,0.0,0.0,0.0
215723520,1.5188909405335682,-0.599443816448872,0.0,0.0,0.0
232736649,-0.46717026181322185,0.038376966920938387,0.0,0.0,0.0
246757899,-0.3818493606441434,-0.029943004252386364,0.0,0.0,0.0
259235987,7.851421742030514,-2.4939540687274917,0.0,0.0,0.0
259659137,-0.6242551844363544,0.09251181345867343,0.0,0.0,0.0
260194510,0.32092581525129066,-0.5144284613461328,0.0,0.0,0.0
261357632,-0.18217267285765743,-0.16372719865663726,0.0,0.0,0.0
261595273,1.32950948942766,-0.830640927656218,0.0,0.0,0.0
287653404,0.9181761801438858,0.3474009892791946,0.0,0.0,0.0
292046988,-0.3452227479541321,-0.14582950822325474,0.0,0.0,0.0
296756903,-0.33984024827817044,-0.14728957110934646,0.0,0.0,0.0
307306810,-0.13740307605034885,0.18742764042572735,0.0,0.0,0.0
315551614,-0.18180769086210427,-0.3403184873630768,0.0,0.0,0.0
318504156,0.19851526989805734,-0.09855741848449692,0.0,0.0,0.0
331416465,1.4399690699039187,1.5370828945483002,0.0,0.0,0.0
341499666,-0.6061458538749543,0.08542530809713453,0.0,0.0,0.0
350775748,-0.2941141468742247,0.3341937227880348,0.0,0.0,0.0
358933853,-0.35229683296789427,-0.15062273904966572,0.0,0.0,0.0
358933855,-0.5723980769459519,0.06693392128850464,0.0,0.0,0.0
370237482,1.5928651103489397,0.5438708248696259,0.0,0.0,0.0
384861629,-0.6112336384627307,0.08860409936904792,0.0,0.0,0.0
411248937,2.1646312853044307,-0.49236520225743774,0.0,0.0,0.0
430861762,-0.41554000758435045,-0.029420838382326297,0.0,0.0,0.0
437863928,-0.5971253195329406,0.1005597988024646,0.0,0.0,0.0
437863935,-0.5857443394879615,0.10442409715890649,0.0,0.0,0.0
437863939,-0.6177035817083382,0.09155940591030443,0.0,0.0,0.0
447689838,-0.1795348223167681,0.03392368490277465,0.0,0.0,0.0
447971550,-0.528513935482436,0.047953919924977606,0.0,0.0,0.0
494787089,-0.1112424392617692,-0.0025891819510114097,0.0,0.0,0.0
494787097,-0.48445072803690986,0.18799800585667012,0.0,0.0,0.0
498778363,1.402248019564387,1.7895456300965427,0.0,0.0,0.0
501114088,-0.6124018206400761,0.08668855730298042,0.0,0.0,0.0
515042954,-0.6242551844363544,0.09251181345867343,0.0,0.0,0.0
516580766,0.6119741676738787,1.1146652601089893,0.0,0.0,0.0
516580966,-0.23373201248219158,-0.05638702989570856,0.0,0.0,0.0
519524647,0.04695544342924229,0.05133565014159713,0.0,0.0,0.0
519524649,-0.2250886003052902,0.2486533839274736,0.0,0.0,0.0
532613684,-0.6169167086469911,0.08951801977933609,0.0,0.0,0.0
595842024,-0.35071905514119195,-0.158928662701485,0.0,0.0,0.0
609252510,-0.50209577444016,0.10241518320073585,0.0,0.0,0.0
609252512,-0.5102673330945723,0.10397526907902174,0.0,0.0,0.0
609252514,-0.5114048565704337,0.1085018668350824,0.0,0.0,0.0
609252516,-0.5134210037759966,0.09907294352062825,0.0,0.0,0.0
609260421,-0.4079093331075697,0.1961834679323118,0.0,0.0,0.0
611190167,-0.30155092126384353,0.01948787512576137,0.0,0.0,0.0
612573927,-0.607463465846252,0.08345385125879627,0.0,0.0,0.0
616437105,0.0966138790855508,-0.5045727009438223,0.0,0.0,0.0
616437107,-0.3579585138753637,0.04731983050041006,0.0,0.0,0.0
616564438,0.34359638401517817,0.03359885523763413,0.0,0.0,0.0
620363598,-0.21171596233862464,-0.0716249314788769,0.0,0.0,0.0
643855116,0.1091349188935115,-0.4734246852724941,0.0,0.0,0.0
643856032,1.282683834255446,-1.6016377873124188,0.0,0.0,0.0
683388149,-0.5650362303481153,0.11585293117987895,0.0,0.0,0.0
685455037,-0.44103027433198155,0.03879398773371867,0.0,0.0,0.0
685461029,1.0049479223685942,0.7656568733989354,0.0,0.0,0.0
685758680,-0.5777465068944877,0.05579117134818557,0.0,0.0,0.0
685758751,-0.11962806939480992,-0.2864639836796141,0.0,0.0,0.0
686717012,-0.6136216845986123,0.0840152823706155,0.0,0.0,0.0
686717176,-0.6144609529340959,0.08449523475427144,0.0,0.0,0.0
693486635,-0.5679347023660635,0.05181996409362931,0.0,0.0,0.0
693486637,-0.47540359229163365,-0.016468153158424308,0.0,0.0,0.0
696492866,1.3680743619703577,-0.05193887131807507,0.0,0.0,0.0
698645235,0.22832596380321044,0.07608751631745363,0.0,0.0,0.0
699707924,0.2242018130881923,0.2563324124133192,0.0,0.0,0.0
699708719,1.2559349707681893,-0.3695452105641257,0.0,0.0,0.0
700769429,-0.26587832252775423,0.12198950155123912,0.0,0.0,0.0
700769431,-0.2173181880070797,0.09459719163312068,0.0,0.0,0.0
718753271,0.32610869633947787,0.2388745931932286,0.0,0.0,0.0
740213574,-0.07999255998054644,-0.27224099133608787,0.0,0.0,0.0
752502434,0.771905132876793,0.1826550230945576,0.0,0.0,0.0
752760242,0.8006416939672922,-0.4004860937838492,0.0,0.0,0.0
766199538,0.2560697425928262,0.6567103501209859,0.0,0.0,0.0
771022573,-0.15197458849442963,0.02080868571735113,0.0,0.0,0.0
771338739,-0.574514422360018,0.08918470144263992,0.0,0.0,0.0
778322517,-0.6242551844363544,0.09251181345867343,0.0,0.0,0.0
793288022,-0.26354896042456094,-0.16413316257257524,0.0,0.0,0.0
793288025,-0.12131790275995151,0.28627931003962914,0.0,0.0,0.0
793504208,-0.3023429668905297,-0.19114275573722975,0.0,0.0,0.0
837840133,-0.4937996315087623,0.05011663322150497,0.0,0.0,0.0
840454103,-0.015930045831505306,0.6445834849561523,0.0,0.0,0.0
871805047,-0.5577813851192617,0.08870996098104719,0.0,0.0,0.0
873477572,-0.5741454837029732,0.10396103571645277,0.0,0.0,0.0
925718046,0.9565532987187759,-1.3772461504954356,0.0,0.0,0.0
955071036,-0.33154902473158343,0.16957588116154604,0.0,0.0,0.0
969673897,-0.465449485424122,-0.027402869223403507,0.0,0.0,0.0
969674408,-0.23144355976870631,-0.10617808112674097,0.0,0.0,0.0
971358055,-0.3642052128557935,0.12344998191981227,0.0,0.0,0.0
986962601,1.8605454583516194,0.4075865534681147,0.0,0.0,0.0
1005190908,-0.5583090344408691,0.12250980074968199,0.0,0.0,0.0
1005246041,-0.48300853469902344,0.1316750326174585,0.0,0.0,0.0
1005831088,-0.6060080492163291,0.09683813528856558,0.0,0.0,0.0
1005831090,-0.6157092081102715,0.08663898989705164,0.0,0.0,0.0
1015033007,0.1858336161976078,-0.6472398062124647,0.0,0.0,0.0
1097525707,-0.3930041304121947,0.06621641549443355,0.0,0.0,0.0
1106173310,0.1924662756891833,0.6046631350714492,0.0,0.0,0.0
1128637731,-0.27715938404304313,-0.17280173545179656,0.0,0.0,0.0
1161381522,-0.6242551844363544,0.09251181345867343,0.0,0.0,0.0
1170482497,1.3351117723376693,-1.2473768117707291,0.0,0.0,0.0
1184713860,1.3104055280069538,1.8249405893804924,0.0,0.0,0.0
1202636597,-0.5466529046031643,0.07469835978767418,0.0,0.0,0.0
1205597814,-0.49051787749334125,0.15056277561808462,0.0,0.0,0.0
1218322450,2.22439194045502,1.001292452007902,0.0,0.0,0.0
1218322587,-0.6138691102013946,0.08694711407675769,0.0,0.0,0.0
1221166900,-0.3395260382767459,-0.14887607293071453,0.0,0.0,0.0
1223177256,0.17585342512883567,-0.6385930214178692,0.0,0.0,0.0
1223480094,0.9413483094032932,0.6431351939270632,0.0,0.0,0.0
1224526820,-0.5581690439503163,0.12306984855307193,0.0,0.0,0.0
1229709861,-0.2164302229414766,0.255829206069509,0.0,0.0,0.0
1270918872,-0.29400974175493844,-0.18623081188266516,0.0,0.0,0.0
1279055723,-0.4421325294945232,0.013894820549813433,0.0,0.0,0.0
1287399870,-0.15491472250904395,0.003803284214071416,0.0,0.0,0.0
1297383150,3.263214687231664,0.6202834671584612,0.0,0.0,0.0
1297383672,-0.1655104285820421,-0.23183670167757267,0.0,0.0,0.0
1303031391,-0.5908090255876938,0.06121858719592386,0.0,0.0,0.0
1317485965,-0.5321896497761069,0.02042237154343654,0.0,0.0,0.0
1322009214,-0.592774296703001,0.0638921933553243,0.0,0.0,0.0
1328506354,-0.15713433351742562,0.03313548946404723,0.0,0.0,0.0
1329653148,-0.477841990618306,0.12884233267927278,0.0,0.0,0.0
1332939103,-0.6181943632795135,0.09016008408783416,0.0,0.0,0.0
1335742303,0.5453897989608884,1.068211963881803,0.0,0.0,0.0
1342043214,0.31993790619170953,-0.8300602055508038,0.0,0.0,0.0
1343463626,-0.45235386131117516,0.005726257501777493,0.0,0.0,0.0
1343463628,0.7085158419515395,0.09592499098541063,0.0,0.0,0.0
1343463734,-0.5719041971568188,0.09266925408432375,0.0,0.0,0.0
1343463736,0.7844492235118178,-0.9351161930487315,0.0,0.0,0.0
1348146260,-0.5865178947208803,0.08344090668484125,0.0,0.0,0.0
1352452146,-0.42251267576863316,0.21532409583189335,0.0,0.0,0.0
1358321947,-0.518332891620593,0.1297195724568361,0.0,0.0,0.0
1359172745,1.1496394655932363,-0.7615177027048088,0.0,0.0,0.0
1369509944,0.7442813266835896,-0.4115329632366693,0.0,0.0,0.0
1369509996,0.6987532788503916,-0.5821278490096217,0.0,0.0,0.0
1388540198,-0.548608675842568,0.07620188406575297,0.0,0.0,0.0
1388566558,-0.4847195294478937,-0.02519486964961858,0.0,0.0,0.0
1389045295,-0.602079894521523,0.09815471193885474,0.0,0.0,0.0
1389045297,-0.6162204500660715,0.08711946785845476,0.0,0.0,0.0
1393056113,-0.15150779354890273,0.5154134169357534,0.0,0.0,0.0
1405507228,-0.6199642511792576,0.0909054715002524,0.0,0.0,0.0
1409698667,0.30531174381848253,0.4601269555987971,0.0,0.0,0.0
1412625411,-0.6242551844363544,0.09251181345867343,0.0,0.0,0.0
1435139915,-0.1033400240534092,0.01584317675561968,0.0,0.0,0.0
1444478784,-0.3520039897807133,0.21278209076381688,0.0,0.0,0.0
1465315935,0.4974957940887872,-0.15919157116613045,0.0,0.0,0.0
1488088415,-0.6242551844363544,0.09251181345867343,0.0,0.0,0.0
1488089419,-0.6242551844363544,0.09251181345867343,0.0,0.0,0.0
1510326178,-0.15587101239163928,-0.22219728548716985,0.0,0.0,0.0
1519424054,-0.029184200686440124,-0.4665294215910897,0.0,0.0,0.0
1596061083,-0.4182596681967517,-0.06924239377563945,0.0,0.0,0.0
1623460225,-0.29295708025684764,-0.18061644200987215,0.0,0.0,0.0
1639398186,-0.5943164118472155,0.08381975867664608,0.0,0.0,0.0
1650628364,-0.5824952918454973,0.06098025816264722,0.0,0.0,0.0
1694710801,-0.5599385128277349,0.03704562599490215,0.0,0.0,0.0
1699314250,0.019946336714169243,0.46269911538812214,0.0,0.0,0.0
1702125294,-0.2994059821457268,-0.20934168646188078,0.0,0.0,0.0
1743085591,-0.5254368323312977,0.022616648466581433,0.0,0.0,0.0
1749222566,-0.5100529124724152,0.014425406016759408,0.0,0.0,0.0
1750995765,-0.4338871434268652,-0.05875408856058238,0.0,0.0,0.0
1759618836,1.3291813296651378,1.0451601957990928,0.0,0.0,0.0
1776505648,-0.5469965152432357,0.0398378224456888,0.0,0.0,0.0
1814199765,-0.5101822871396773,0.06349912473552233,0.0,0.0,0.0
1814199769,-0.4797781854921812,0.02931703864452534,0.0,0.0,0.0
1814199904,-0.6153618134259692,0.08621469558129999,0.0,0.0,0.0
1814199906,-0.4742879662360089,0.009603819130467518,0.0,0.0,0.0
1814200178,-0.6137856936957525,0.08612199033110482,0.0,0.0,0.0
1836173247,-0.434906813888135,-0.06887203488180786,0.0,0.0,0.0
1843579567,0.7118920426789075,-1.008433658610759,0.0,0.0,0.0
1862501286,-0.6144215632612476,0.08813571304658262,0.0,0.0,0.0
1863690462,-0.5642679646952582,0.13310416975999384,0.0,0.0,0.0
1877300849,-0.6093276545834823,0.09493189923284101,0.0,0.0,0.0
1883650996,-0.3462004053493004,-0.15136887399312526,0.0,0.0,0.0
1930851759,-0.6242551844363544,0.09251181345867343,0.0,0.0,0.0
1930851770,-0.6242551844363544,0.09251181345867343,0.0,0.0,0.0
1968086762,-0.6242551844363544,0.09251181345867343,0.0,0.0,0.0
1968678699,-0.4052958390938662,0.25132313316888927,0.0,0.0,0.0
1971328329,-0.5630533170823631,0.0844517419901018,0.0,0.0,0.0
1983213445,1.2922430097348339,1.272294105115443,0.0,0.0,0.0
1985957305,-0.6010356667825799,0.08006510732835206,0.0,0.0,0.0
1992404130,-0.6242551844363544,0.09251181345867343,0.0,0.0,0.0
2020429258,-0.5211288360441759,0.09993225300838292,0.0,0.0,0.0
2020809245,-0.21229472466381927,-0.10793707607257275,0.0,0.0,0.0
2024770216,-0.022696623606222956,0.5621229595505414,0.0,0.0,0.0
2025898332,-0.6184763227098664,0.08980589760821525,0.0,0.0,0.0
2035323974,-0.6203423690089408,0.09176028207295399,0.0,0.0,0.0
2035852486,0.026515379716049316,-0.5142285643485185,0.0,0.0,0.0
2052283888,-0.4938279014118061,0.13098265849651497,0.0,0.0,0.0
2111561443,1.2474386317862443,-0.05579848751328232,0.0,0.0,0.0
2120383885,-0.5031562120719357,-0.019264426705459407,0.0,0.0,0.0
2151136976,-0.36839144897576104,-0.1329322024073937,0.0,0.0,0.0
2151505431,-0.6104822145544415,0.08794823624374132,0.0,0.0,0.0
2153691877,-0.24178865682485043,-0.11829717588415821,0.0,0.0,0.0
2153691881,-0.2970618842239126,-0.17692832750348736,0.0,0.0,0.0
2189835419,-0.21617675341962758,-0.07266444127885312,0.0,0.0,0.0
2219020916,1.8341420596005171,0.9284614455597665,0.0,0.0,0.0
2221332292,-0.6016817945167157,0.07311748633105114,0.0,0.0,0.0
2221332388,-0.5986810724892917,0.07332416197896992,0.0,0.0,0.0
2225573296,-0.49686021840575145,0.04551013404197778,0.0,0.0,0.0
2226478153,-0.6242551844363544,0.09251181345867343,0.0,0.0,0.0
2239205555,-0.510420430937433,0.010573249209955267,0.0,0.0,0.0
2274376703,-0.6242551844363544,0.09251181345867343,0.0,0.0,0.0
2274376709,-0.6242551844363544,0.09251181345867343,0.0,0.0,0.0
2274380521,-0.6242551844363544,0.09251181345867343,0.0,0.0,0.0
2278253484,-0.5465355554668062,0.09351871326031164,0.0,0.0,0.0
2298780147,0.38382189061172983,0.618314942003511,0.0,0.0,0.0
2299256394,-0.42896915410174263,-0.03471493829816605,0.0,0.0,0.0
2307126404,1.9469656641435742,0.5292332850424926,0.0,0.0,0.0
2307478927,0.8218280693394734,-0.109892296673536,0.0,0.0,0.0
2308130196,-0.6242551844363544,0.09251181345867343,0.0,0.0,0.0
2355555091,-0.6165520401330917,0.08756381986942849,0.0,0.0,0.0
2386085568,-0.03477757417508846,0.5303126202610885,0.0,0.0,0.0
2419542725,-0.6002033694586612,0.08244965264088475,0.0,0.0,0.0
2429933372,-0.3954352654381638,-0.10366743111956524,0.0,0.0,0.0
2436304495,-0.36884733928924757,-0.1229816954910907,0.0,0.0,0.0
2436304513,-0.34447066422226535,0.18941071933526737,0.0,0.0,0.0
2437926070,2.125498824403934,-1.902267164316043,0.0,0.0,0.0
2439759656,2.3898936649897213,-0.5176166408162135,0.0,0.0,0.0
2440955189,-0.6242551844363544,0.09251181345867343,0.0,0.0,0.0
2481689374,-0.5138725410308551,0.05874447222358062,0.0,0.0,0.0
2493669643,-0.5554583126255763,0.06821182018906911,0.0,0.0,0.0
2503185264,0.3062497609324606,0.6454213481115071,0.0,0.0,0.0
2503185266,1.2167688992190744,-0.8601303400264869,0.0,0.0,0.0
2509801301,-0.014149420303161053,0.5182960485765528,0.0,0.0,0.0
2509801309,-0.43332004793678197,0.16550778135396396,0.0,0.0,0.0
2509801316,10.903025509730702,4.705002896306185,0.0,0.0,0.0
2509801537,-0.15024997731581072,0.12631216242044693,0.0,0.0,0.0
2548202279,1.4452945497914158,-1.5173972216538345,0.0,0.0,0.0
2602370909,-0.29837434987423145,-0.13547477714097225,0.0,0.0,0.0
2624991179,3.8673605380531413,0.4633843041337739,0.0,0.0,0.0
2629682284,-0.363438855728254,-0.03479721204747862,0.0,0.0,0.0
2629682302,-0.48756544163262217,-0.004547983704630329,0.0,0.0,0.0
2651959895,-0.5926449245821582,0.06747135743453574,0.0,0.0,0.0
2653899069,1.2302528269252828,0.9609305311555005,0.0,0.0,0.0
2699599003,0.08466609075361443,0.6503264987366293,0.0,0.0,0.0
2715734498,-0.010977771677133881,0.5120686772388704,0.0,0.0,0.0
2721624458,-0.6042644746775366,0.08297306433858503,0.0,0.0,0.0
2721624573,-0.3146935418509297,0.2138459642329453,0.0,0.0,0.0
2721800183,-0.4796172966991371,0.18009033227565646,0.0,0.0,0.0
2721800640,-0.5125060195555423,0.14459383279837962,0.0,0.0,0.0
2756110603,-0.5908896196378463,0.07816951150508698,0.0,0.0,0.0
2759389886,-0.2805977217642015,-0.20170961159837605,0.0,0.0,0.0
2780813677,-0.18212217691679078,0.07509494026748864,0.0,0.0,0.0
2780813754,2.428790413286619,1.9753195532773968,0.0,0.0,0.0
2780813826,-0.35620736733640856,0.27759989519979744,0.0,0.0,0.0
2780813989,-0.2880490584331547,-0.15239302182658968,0.0,0.0,0.0
2780814282,-0.6140271326203146,0.08472111719463928,0.0,0.0,0.0
2780814322,-0.5271277769301835,0.16250465898265687,0.0,0.0,0.0
2781977153,4.488000053898981,2.480666867367629,0.0,0.0,0.0
2800424218,0.3911030963532305,-0.43146889323591275,0.0,0.0,0.0
2847314160,-0.6078153430458001,0.08089334692116323,0.0,0.0,0.0
2858956832,-0.35266640117629194,-0.1098102177642234,0.0,0.0,0.0
2859662171,-0.5800334761072817,0.0952996766772711,0.0,0.0,0.0
2861472341,-0.6242551844363544,0.09251181345867343,0.0,0.0,0.0
2861472345,-0.6242551844363544,0.09251181345867343,0.0,0.0,0.0
2876140257,-0.4180577932289771,-0.08854942495700822,0.0,0.0,0.0
2876140269,-0.0964046459769232,-0.2679036399336452,0.0,0.0,0.0
2876140274,-0.13822879107629057,-0.3699169927547789,0.0,0.0,0.0
2887897936,-0.2022328933119421,-0.02944961910016136,0.0,0.0,0.0
2902878525,-0.25341975390539173,0.004931223225169562,0.0,0.0,0.0
2902878580,-0.02927705969960269,-0.05292643566523315,0.0,0.0,0.0
2916101303,-0.6159442157959317,0.09079842794568788,0.0,0.0,0.0
2916101306,-0.6156906084005644,0.089934416789253,0.0,0.0,0.0
2916102641,-0.6168954785950991,0.09060935058746032,0.0,0.0,0.0
2916102644,-0.6161859930826563,0.08974124528698521,0.0,0.0,0.0
2920095928,-0.6161455479299304,0.09147617502973082,0.0,0.0,0.0
2920181565,-0.6155768682849673,0.08828429633329873,0.0,0.0,0.0
2927166315,-0.3386763121921402,0.07355863745505443,0.0,0.0,0.0
2939436917,-0.6107528809739925,0.07916846313591236,0.0,0.0,0.0
2939504293,-0.09600446321166953,-0.03688375600288729,0.0,0.0,0.0
2939507935,-0.29255354249428195,-0.18135333134098197,0.0,0.0,0.0
2943344645,-0.6043032736328261,0.09788906600502795,0.0,0.0,0.0
2943345853,-0.6043402560525997,0.09654819527481871,0.0,0.0,0.0
2943347846,-0.6022147062316416,0.09950625687415975,0.0,0.0,0.0
2947667961,-0.608044515756507,0.08361154467700002,0.0,0.0,0.0
2981740299,-0.4064591860891208,-0.00638879210779887,0.0,0.0,0.0
3007227894,0.0341684131800303,0.24352138286234107,0.0,0.0,0.0
3008128175,-0.5786415171640144,0.055748630331181576,0.0,0.0,0.0
3008175555,-0.5244528205245597,0.05185157366609379,0.0,0.0,0.0
3009262516,-0.5149564023322502,0.13494355363693333,0.0,0.0,0.0
3009262519,-0.29431447591865834,0.27796040920767484,0.0,0.0,0.0
3009262522,-0.23664396479442346,0.3424354686575071,0.0,0.0,0.0
3062872954,-0.5775601001830405,0.06918467416030731,0.0,0.0,0.0
3066179158,0.014818150865662964,0.18931206571795708,0.0,0.0,0.0
3086091356,0.5001524102329729,0.5604135445354306,0.0,0.0,0.0
3086091420,0.20326363273701423,0.46005836951622864,0.0,0.0,0.0
3086091435,-0.5815007698424302,0.1063716069225043,0.0,0.0,0.0
3086091451,-0.589479146533089,0.10107703532562864,0.0,0.0,0.0
3121668061,-0.4238546375764612,0.1124743311411858,0.0,0.0,0.0
3128216606,-0.3983664938193186,-0.022093011859360173,0.0,0.0,0.0
3137534811,-0.6120876310035267,0.09231713719605797,0.0,0.0,0.0
3137730237,-0.5503921902134724,0.12505333265404395,0.0,0.0,0.0
3156704984,-0.254696088555427,-0.16326328035917026,0.0,0.0,0.0
3176007645,-0.5881933119818161,0.09126017854936226,0.0,0.0,0.0
3208447095,-0.6204348224390174,0.09520847462637545,0.0,0.0,0.0
3214733131,-0.5534270674242103,0.04716842386173274,0.0,0.0,0.0
3221686667,-0.6023438892506,0.0828275760141462,0.0,0.0,0.0
3226021697,-0.5919915678226824,0.07497678031517896,0.0,0.0,0.0
3226021707,-0.4581245105183815,-0.03826137075571234,0.0,0.0,0.0
3226024692,-0.5909539552598281,0.10297408937252368,0.0,0.0,0.0
3228838930,2.1634165783458923,2.1134364269263783,0.0,0.0,0.0
3228839619,0.9828676226473543,0.044177979950772,0.0,0.0,0.0
3233999021,-0.48912158718318827,0.18161270464623283,0.0,0.0,0.0
3239336321,-0.4938129631527583,0.006310901180367094,0.0,0.0,0.0
3244822959,-0.2802683161674542,0.35282744657641996,0.0,0.0,0.0
3244832720,2.986777567391666,2.3711326913272197,0.0,0.0,0.0
3244847846,0.7533528003887362,1.1528149665867644,0.0,0.0,0.0
3244870802,4.437511191123611,3.0311830829592847,0.0,0.0,0.0
3255609707,-0.5993125233459867,0.0820366104431235,0.0,0.0,0.0
3256949131,-0.4026090761126136,0.28164928719246307,0.0,0.0,0.0
3303083898,0.03993936466357231,-0.2605546050000087,0.0,0.0,0.0
3303084333,-0.6117810934333344,0.08533634563766337,0.0,0.0,0.0
3304852209,0.8101166845242866,-0.08568022803794213,0.0,0.0,0.0
3304852305,-0.1355461971532549,-0.3014697697631186,0.0,0.0,0.0
3310414834,-0.6193579601516297,0.09061716082995253,0.0,0.0,0.0
3320797850,0.03330826713172888,-0.16530754883016785,0.0,0.0,0.0
3322572963,0.16786596396558062,-0.6165492357810008,0.0,0.0,0.0
3336097381,-0.6127196895084793,0.09273807304093253,0.0,0.0,0.0
3350267310,-0.620370793851029,0.09451107805815313,0.0,0.0,0.0
3355016124,-0.6127218726973496,0.09110127768446052,0.0,0.0,0.0
3355663137,-0.5526231906971231,0.042764350194368216,0.0,0.0,0.0
3381379342,-0.5906749285325628,0.06857652960476042,0.0,0.0,0.0
3387288030,0.28724687888735917,0.9639953397093999,0.0,0.0,0.0
3404497452,0.9507195630627204,0.7521037471008237,0.0,0.0,0.0
3405957923,6.449125607890494,0.46398271861875173,0.0,0.0,0.0
3414853085,-0.26310601137172884,-0.15418665440578003,0.0,0.0,0.0
3431229169,0.5847191083153623,0.5347389568958482,0.0,0.0,0.0
3436840924,-0.6242551844363544,0.09251181345867343,0.0,0.0,0.0
3436840960,-0.6242551844363544,0.09251181345867343,0.0,0.0,0.0
3461629288,-0.6242551844363544,0.09251181345867343,0.0,0.0,0.0
3461671900,-0.6242551844363544,0.09251181345867343,0.0,0.0,0.0
3461704815,-0.6242551844363544,0.09251181345867343,0.0,0.0,0.0
3461750771,-0.6242551844363544,0.09251181345867343,0.0,0.0,0.0
3461765058,-0.6242551844363544,0.09251181345867343,0.0,0.0,0.0
3461769675,-0.6242551844363544,0.09251181345867343,0.0,0.0,0.0
3461786521,-0.6242551844363544,0.09251181345867343,0.0,0.0,0.0
3461787972,-0.6242551844363544,0.09251181345867343,0.0,0.0,0.0
3466058276,-0.6200193316530035,0.09558747174539174,0.0,0.0,0.0
3466903612,1.1028722030196951,-0.7140096588678361,0.0,0.0,0.0
3477177120,-0.2547181394645163,-0.14351792831121635,0.0,0.0,0.0
3478528467,-0.41979894217591607,-0.04527411509292689,0.0,0.0,0.0
3478528503,-0.6047750846124489,0.09767195040965931,0.0,0.0,0.0
3486168160,-0.5981786163358155,0.068713703329134,0.0,0.0,0.0
3507432212,-0.6185654898740441,0.08899445995137614,0.0,0.0,0.0
3507457183,-0.49971598843817366,-0.028901100412510417,0.0,0.0,0.0
3508950175,-0.6172664881454524,0.08822548721676964,0.0,0.0,0.0
3511841320,0.10265265357196031,0.7681251415052839,0.0,0.0,0.0
3518017752,-0.5594921789816419,0.06425524944713036,0.0,0.0,0.0
3520037794,-0.6242551844363544,0.09251181345867343,0.0,0.0,0.0
3520037933,-0.6242551844363544,0.09251181345867343,0.0,0.0,0.0
3527819762,-0.6242551844363544,0.09251181345867343,0.0,0.0,0.0
3527823389,-0.6242551844363544,0.09251181345867343,0.0,0.0,0.0
3528532484,1.875990573818112,1.7374372514564618,0.0,0.0,0.0
3528532667,1.0648699659184726,-0.2437615545543129,0.0,0.0,0.0
3528532728,-0.5745507021348804,0.06841799138718611,0.0,0.0,0.0
3536441868,-0.6242551844363544,0.09251181345867343,0.0,0.0,0.0
3537558367,0.033946574399080824,0.25842921019082066,0.0,0.0,0.0
3543030441,-0.5888076774203261,0.06082617889366642,0.0,0.0,0.0
3543033703,-0.6135153226531267,0.08791673225561028,0.0,0.0,0.0
3544612780,-0.08987909281072036,0.32502952480053593,0.0,0.0,0.0
3544756919,-0.40166248353563916,-0.06549402103660495,0.0,0.0,0.0
3553754713,0.5434502899224319,0.4117395301228355,0.0,0.0,0.0
3568768186,-0.6068394652240772,0.08574667686138303,0.0,0.0,0.0
3568768397,-0.6151806672345286,0.0942990015319124,0.0,0.0,0.0
3570705675,-0.6073428375837429,0.08111115699896618,0.0,0.0,0.0
3589194798,-0.4941606630875565,0.15392221237903733,0.0,0.0,0.0
3589828274,-0.243054005388155,-0.09117856122709303,0.0,0.0,0.0
3592534655,0.09497949002248963,-0.29864935895792966,0.0,0.0,0.0
3600242317,-0.5555800827603968,0.052713291407856286,0.0,0.0,0.0
3606222828,-0.6242551844363544,0.09251181345867343,0.0,0.0,0.0
3608394906,-0.16604735346359809,-0.17535227187535005,0.0,0.0,0.0
3620730856,0.058817469527633184,-0.4326980383266059,0.0,0.0,0.0
3623260116,-0.5621742916988985,0.05628789072129514,0.0,0.0,0.0
3623476482,-0.2580099821726472,-0.2197971050145838,0.0,0.0,0.0
3623946070,-0.5297073187505237,0.1382493995351897,0.0,0.0,0.0
3629832358,0.6235533664115509,0.28922672630226126,0.0,0.0,0.0
3630669687,-0.6126859437624641,0.08534003555982853,0.0,0.0,0.0
3635976171,1.0180850372804626,1.4308902004744952,0.0,0.0,0.0
3636560950,-0.545748915797606,0.026297883909991937,0.0,0.0,0.0
3638155221,3.771897423350048,-3.682495704940387,0.0,0.0,0.0
3638783942,-0.619632245997243,0.09546706734446662,0.0,0.0,0.0
3644402257,-0.47196274403341865,-0.05797913950925472,0.0,0.0,0.0
3663502429,-0.34824630746903706,-0.14847292537360107,0.0,0.0,0.0
3668158187,-0.5945357459553158,0.10200007529790739,0.0,0.0,0.0
3668158425,-0.5874436184263371,0.05906857620431042,0.0,0.0,0.0
3669607176,-0.2350586828743024,-0.20406851064285095,0.0,0.0,0.0
3669607308,-0.5618232525623454,0.057209143404685935,0.0,0.0,0.0
3673031028,-0.5207725017219073,0.1759838021027599,0.0,0.0,0.0
3674898158,-0.3882805775699725,0.2798548076270835,0.0,0.0,0.0
3695027940,7.680240934471463,7.2593064594448045,0.0,0.0,0.0
3695028243,0.3746005619021982,1.0214467075427618,0.0,0.0,0.0
3698335268,-0.22197976237762754,-0.0685837487583315,0.0,0.0,0.0
3716105913,-0.28660582105294474,-0.179967318274347,0.0,0.0,0.0
3717263303,-0.3510248952626468,0.053683235566289185,0.0,0.0,0.0
3717263307,-0.4865186264446646,0.07305950370541388,0.0,0.0,0.0
3717263309,-0.3655052229965725,0.039773121379201255,0.0,0.0,0.0
3717263311,-0.4696886159595073,0.06639671606085441,0.0,0.0,0.0
3717263313,-0.341844575429567,0.06400398249304454,0.0,0.0,0.0
3717263317,-0.48099480751426194,0.05797960647674449,0.0,0.0,0.0
3717263319,-0.3454836458645435,0.05747583008742327,0.0,0.0,0.0
3717263325,-0.48697910233416725,0.06013035825839161,0.0,0.0,0.0
3717263328,-0.34862856188844804,0.055509355393650164,0.0,0.0,0.0
3717263356,-0.4814656234726273,0.062450641257640015,0.0,0.0,0.0
3717264428,-0.6142298527833195,0.09006467413054318,0.0,0.0,0.0
3717272781,-0.6138469298607786,0.08925395002837043,0.0,0.0,0.0
3717273268,-0.6131379608465507,0.08796717162866599,0.0,0.0,0.0
3717273515,-0.6144683154747576,0.08971977157702883,0.0,0.0,0.0
3717273889,-0.614587768205649,0.0898892270432019,0.0,0.0,0.0
3720250606,0.9596331453912901,-1.428380940715043,0.0,0.0,0.0
3720276857,0.13130049508728212,0.24490510669641477,0.0,0.0,0.0
3724789731,-0.402805093818185,-0.06599038929940136,0.0,0.0,0.0
3727144341,0.8451301593206448,1.4423918020694098,0.0,0.0,0.0
3727334302,0.2942267860546558,0.9383485780825499,0.0,0.0,0.0
3730198063,-0.605258010482058,0.07626979021839476,0.0,0.0,0.0
3730481037,-0.6200210540242491,0.09029112652057504,0.0,0.0,0.0
3730489914,-0.47324439230642495,0.06717456266990383,0.0,0.0,0.0
3730490659,-0.34634707154739397,-0.1480942589101921,0.0,0.0,0.0
3737037305,-0.6107476353010287,0.09198830791814398,0.0,0.0,0.0
3737037307,-0.6145880940487329,0.09540096548621647,0.0,0.0,0.0
3737127911,-0.23318514680063349,0.4659280396842965,0.0,0.0,0.0
3738146922,-0.5641577261146686,0.07718902665194817,0.0,0.0,0.0
3758966589,-0.3042910335873501,-0.1919503953403746,0.0,0.0,0.0
3759260366,-0.5699336201053896,0.04619068677276916,0.0,0.0,0.0
3759267910,-0.5901437338803355,0.06494516536507201,0.0,0.0,0.0
3759278577,-0.6169066843610874,0.08802458101341078,0.0,0.0,0.0
3759279896,-0.5851342600622301,0.05967178822186927,0.0,0.0,0.0
3760052844,-0.5875503604072702,0.06261569521710438,0.0,0.0,0.0
3760070065,-0.5865883111772779,0.0622092319346858,0.0,0.0,0.0
3760073500,-0.5871918511201548,0.06130157810016227,0.0,0.0,0.0
3760073532,-0.5865143964785869,0.061104705303245514,0.0,0.0,0.0
3760073647,-0.5890223898901491,0.0642988473600612,0.0,0.0,0.0
3763074646,-0.22687167995779406,-0.2891773139775107,0.0,0.0,0.0
3764695015,-0.6179166430903278,0.08797448175468066,0.0,0.0,0.0
3765376284,-0.6137088167315128,0.08355497714983998,0.0,0.0,0.0
3768539610,-0.6075413008818459,0.09211548918440295,0.0,0.0,0.0
3768539866,-0.5739439824200183,0.04511847131537354,0.0,0.0,0.0
3768540157,-0.6003537608909313,0.0972730689485749,0.0,0.0,0.0
3768540354,-0.5127209015164444,-0.016121658136264674,0.0,0.0,0.0
3769731259,1.668296763921318,0.6365039204382773,0.0,0.0,0.0
3769731849,1.9532016093957512,-2.0729409611843983,0.0,0.0,0.0
3769731871,1.921599488880512,-2.3452999125867033,0.0,0.0,0.0
3769731987,1.8243727518458392,-2.3259496578234296,0.0,0.0,0.0
3769732082,1.8618064248142048,-2.272043149057528,0.0,0.0,0.0
3769732502,1.8123716312701692,-2.3176765189559787,0.0,0.0,0.0
3769733753,2.033508691595613,-2.4842846704802275,0.0,0.0,0.0
3769733917,2.4294330195445464,-2.753609480508711,0.0,0.0,0.0
3769733984,2.1092718122442102,-2.522564259199189,0.0,0.0,0.0
3769734076,2.2514540513790333,-2.0585281514048153,0.0,0.0,0.0
3769734124,2.103921242411304,-2.225068078600471,0.0,0.0,0.0
3769734281,2.7469367618468477,-1.9571263588626704,0.0,0.0,0.0
3769734324,2.96922623455534,-1.1760276102531486,0.0,0.0,0.0
3769734479,3.2504823876236615,-1.3813536838197378,0.0,0.0,0.0
3769734550,4.339422712898522,0.24485451669783617,0.0,0.0,0.0
3769734721,4.4436448588279305,0.17674545736071512,0.0,0.0,0.0
3770097103,-0.6147218161207874,0.08583971277311064,0.0,0.0,0.0
3772924726,-0.6134975150915717,0.09282697204903351,0.0,0.0,0.0
3772925932,-0.6176019661913995,0.08895820921523194,0.0,0.0,0.0
3777843056,0.17860169031431924,-0.2948570552233899,0.0,0.0,0.0
3790648377,-0.34424396105918914,-0.15777556172330154,0.0,0.0,0.0
3790648484,-0.4985171731957335,-0.02162000733713399,0.0,0.0,0.0
3799596159,-0.6087402252313546,0.09559231591896386,0.0,0.0,0.0
3800634543,-0.546728350670183,0.060709703177813476,0.0,0.0,0.0
3800673284,-0.23894533236775278,0.1109462694918441,0.0,0.0,0.0
3800750574,0.23383771796912087,-0.6015165586283027,0.0,0.0,0.0
3811215646,-0.5631771016259818,0.03707626153185872,0.0,0.0,0.0
3816556374,-0.570141057257941,0.07785147849378131,0.0,0.0,0.0
3829017570,-0.3490205551181538,-0.039214965601253184,0.0,0.0,0.0
3832279015,0.29107753337768727,0.028192314981096166,0.0,0.0,0.0
3832550615,-0.4196228084423722,0.24365815875927155,0.0,0.0,0.0
3847241534,-0.6112755026399745,0.08218116546032461,0.0,0.0,0.0
3855401689,-0.2691431441511188,-0.2149642876815974,0.0,0.0,0.0
3855401880,-0.5833258328551594,0.07436704158747393,0.0,0.0,0.0
3860873158,-0.5463411091459709,0.09515770056646933,0.0,0.0,0.0
3860873192,-0.6079541555675777,0.083544019070516,0.0,0.0,0.0
3860873257,-0.6162461918211155,0.08815857637846916,0.0,0.0,0.0
3860873369,-0.6064176543514914,0.08548043005411787,0.0,0.0,0.0
3860873439,-0.6158824224749947,0.08596170675692381,0.0,0.0,0.0
3860876166,-0.6094281151712152,0.09273001165382865,0.0,0.0,0.0
3860876201,0.9931070469406789,-1.5203096695274352,0.0,0.0,0.0
3860876889,0.9870517766636151,-1.5142383983750813,0.0,0.0,0.0
3860876949,0.9864258569319053,-1.513495805594381,0.0,0.0,0.0
3860877046,-0.61690128040172,0.08691958912590281,0.0,0.0,0.0
3860877378,1.1703616970026365,1.3330331843171603,0.0,0.0,0.0
3860877451,-0.5984372280299598,0.07827226819971368,0.0,0.0,0.0
3860877651,-0.6174511849568016,0.08941690576512229,0.0,0.0,0.0
3861001586,0.5958186760792025,-1.0667253857975687,0.0,0.0,0.0
3861305715,2.7588752121512536,2.3652463631708347,0.0,0.0,0.0
3862136857,-0.6055070034603306,0.08209927364941294,0.0,0.0,0.0
3862138044,-0.2947086145218275,0.29590180398837845,0.0,0.0,0.0
3862138691,-0.22556715048367787,0.2426500980508354,0.0,0.0,0.0
3872416739,-0.6186841495606817,0.08858309064402856,0.0,0.0,0.0
3873439907,8.41387380048534,7.214811006166462,0.0,0.0,0.0
3873440138,-0.04534872901494714,0.585886236854413,0.0,0.0,0.0
3873441424,0.5107258416702087,1.1178711858974952,0.0,0.0,0.0
3892507636,-0.30599130045948686,-0.189088953837809,0.0,0.0,0.0
3892511458,-0.30748343893417424,-0.19856408196822545,0.0,0.0,0.0
3892515572,-0.5123591088121965,0.004567048034415533,0.0,0.0,0.0
3893359568,-0.613797798648882,0.08836032817616189,0.0,0.0,0.0
3893564452,-0.6128019662352012,0.0864366672300332,0.0,0.0,0.0
3893898024,-0.5460810974216674,0.06207922691899031,0.0,0.0,0.0
3893898064,-0.5305473894536195,0.03541713242104209,0.0,0.0,0.0
3893898190,-0.6178237826340334,0.08973616719138697,0.0,0.0,0.0
3893898337,-0.6242551844363544,0.09251181345867343,0.0,0.0,0.0
3900765852,-0.5921963572490404,0.06713112936119461,0.0,0.0,0.0
3911641020,-0.6160453927885584,0.09100516626835353,0.0,0.0,0.0
3915608727,-0.6242551844363544,0.09251181345867343,0.0,0.0,0.0
3931542872,-0.5787776892213947,0.11264901865216191,0.0,0.0,0.0
3931543641,-0.5097208494315975,-0.019147142308735945,0.0,0.0,0.0
3936670257,-0.41019724859999196,-0.11937216734549842,0.0,0.0,0.0
3938250465,-0.5436145057513021,0.014785183068644939,0.0,0.0,0.0
3938250524,-0.5826827669251669,0.05258170800851358,0.0,0.0,0.0
3938717708,0.15106763364731035,0.4344723359456214,0.0,0.0,0.0
3951012660,-0.5863324865567076,0.0806738758176095,0.0,0.0,0.0
3952906759,-0.3889013999756802,-0.07772729794636894,0.0,0.0,0.0
3953770810,-0.4744071601144291,-0.00880022248321769,0.0,0.0,0.0
3959617756,-0.5587569506510666,0.03557886303181276,0.0,0.0,0.0
3961023475,-0.6198023106915831,0.08996626627192238,0.0,0.0,0.0
3971836226,-0.5324848805341432,0.07480111636802984,0.0,0.0,0.0
3974992415,-0.5861030684465302,0.07767208382903959,0.0,0.0,0.0
3990224092,1.216597149287898,-1.723225257505512,0.0,0.0,0.0
3990224117,1.4162682427186344,-1.9458923310992957,0.0,0.0,0.0
3990224152,1.0954557426291842,-1.625119555405097,0.0,0.0,0.0
3990907812,-0.5735454197194482,0.051208118834189166,0.0,0.0,0.0
3995535152,0.07866102966909676,-0.5038985744969089,0.0,0.0,0.0
3995535761,-0.48210103043744135,-0.03591936763517046,0.0,0.0,0.0
3995602568,-0.5416848777142883,0.018311409036804466,0.0,0.0,0.0
3995602836,-0.21478556798023074,-0.19634009377921058,0.0,0.0,0.0
3995602840,0.02824757733414507,0.46988020317386553,0.0,0.0,0.0
3995602855,-0.5214814583821175,0.1029109449251892,0.0,0.0,0.0
3995603167,-0.5995442569037224,0.08110161351095461,0.0,0.0,0.0
3995603181,-0.4457350177901162,0.0023853710714031116,0.0,0.0,0.0
3995607351,2.2385769212072812,1.7396486372441513,0.0,0.0,0.0
3995607384,1.8527504586907453,1.1603297111673263,0.0,0.0,0.0
3995607400,-0.032301925196245494,0.5410916646029311,0.0,0.0,0.0
3995607423,-0.29499748930823533,0.13398273149776238,0.0,0.0,0.0
3995607455,1.7463697932752922,1.1491113510130235,0.0,0.0,0.0
3995652394,-0.44914012868098063,0.21637607562426706,0.0,0.0,0.0
3995652931,0.07175198087628151,0.09932087182670626,0.0,0.0,0.0
3995661466,-0.6046316706533738,0.10027868689107378,0.0,0.0,0.0
3995729971,-0.31575112594332666,-0.13726571626316802,0.0,0.0,0.0
3996125377,1.3120659101623755,1.6242739506870854,0.0,0.0,0.0
3996132741,2.797223608540699,0.2656741012831431,0.0,0.0,0.0
3996137586,-0.5094556748734966,0.1722098715308197,0.0,0.0,0.0
3996150474,0.6917420155706838,0.7227321878021352,0.0,0.0,0.0
3996506423,0.8495321042240892,0.27381506262013694,0.0,0.0,0.0
3996513912,0.5231846588950158,-0.18710277976265352,0.0,0.0,0.0
3996514874,0.6314312203880309,0.6689978555263448,0.0,0.0,0.0
3996515093,-0.34977744139151046,0.003877569877215762,0.0,0.0,0.0
3996515114,0.40814229283585646,0.9451526379433106,0.0,0.0,0.0
3996515143,1.761033170378165,2.33669892539636,0.0,0.0,0.0
3996515221,-0.08488051314603347,-0.017472702389875444,0.0,0.0,0.0
3996515256,0.2798301145323693,0.8639996542457385,0.0,0.0,0.0
3996517988,-0.6064919498525707,0.08910491976019293,0.0,0.0,0.0
3996529267,-0.07444878035445997,0.16907553206198417,0.0,0.0,0.0
3996804578,-0.053114364652068785,-0.4767744604326114,0.0,0.0,0.0
3996806186,2.4940285063692724,0.9209410448734001,0.0,0.0,0.0
3997754641,-0.2607713509897127,0.3253939361375888,0.0,0.0,0.0
3997754673,-0.4148010795800313,0.21949674762662888,0.0,0.0,0.0
3997754712,-0.5288300964550404,0.14220577498359707,0.0,0.0,0.0
3997754731,-0.29609840523517866,-0.051468224121836964,0.0,0.0,0.0
3998245034,-0.4761145918523353,-0.029932929050064408,0.0,0.0,0.0
3998245471,-0.3375882027840131,0.02013433178548932,0.0,0.0,0.0
3998246322,-0.6079535779705043,0.08738859625800519,0.0,0.0,0.0
3998246369,-0.6178641868198952,0.09088941003023891,0.0,0.0,0.0
3998246386,-0.5907918022042271,0.1015396444969789,0.0,0.0,0.0
3998279899,-0.41962388812647927,-0.06448632163597477,0.0,0.0,0.0
3998352223,5.662819972859807,3.9018884296289245,0.0,0.0,0.0
3998352835,-0.3028366621142368,0.3433245936995136,0.0,0.0,0.0
3998469417,0.08975736622979227,-0.4475652965537489,0.0,0.0,0.0
3998523914,-0.6156673918628585,0.0901401016619473,0.0,0.0,0.0
3998532724,1.000994947513193,-1.377986797618578,0.0,0.0,0.0
3998532786,0.6869963266637821,-1.0964330071425994,0.0,0.0,0.0
3998534004,-0.6073343184639567,0.08390992107461194,0.0,0.0,0.0
3998535201,-0.6078583292390225,0.08429318340962574,0.0,0.0,0.0
3998604258,-0.5741442582821445,0.07869546530629155,0.0,0.0,0.0
3998981052,-0.5743407908876732,0.06948639080768794,0.0,0.0,0.0
4000288744,-0.48215453153140475,-0.03772152360610315,0.0,0.0,0.0
4001088740,0.31151479108703256,0.6305261615323253,0.0,0.0,0.0
4001406395,-0.44303393232849053,-0.07721436539389159,0.0,0.0,0.0
4001921653,-0.6105815034448947,0.08541071422700997,0.0,0.0,0.0
4005211674,-0.6051477086419601,0.08787179573909687,0.0,0.0,0.0
4006507922,-0.04021208089479723,0.548806174678516,0.0,0.0,0.0
4016113371,-0.6171808479818978,0.08718590598123106,0.0,0.0,0.0
4027680078,-0.6100569863370165,0.08350612162535893,0.0,0.0,0.0
4028922835,1.0461400701535628,0.5538805863299966,0.0,0.0,0.0
4029853136,-0.586201081275959,0.11062744959797421,0.0,0.0,0.0
4029983750,-0.6064467723734249,0.07957811249975516,0.0,0.0,0.0
4029983840,-0.5800545641603853,0.07151801821285571,0.0,0.0,0.0
4029984095,-0.2509113816673369,-0.06254227050865661,0.0,0.0,0.0
4029984487,-0.17966958429127686,-0.1657858184649589,0.0,0.0,0.0
4030410232,-0.6122476533822472,0.08476081154424377,0.0,0.0,0.0
4030410353,-0.6120873810113293,0.08484758972468036,0.0,0.0,0.0
4030553685,-0.5676106647495206,0.03777462032985994,0.0,0.0,0.0
4031118633,-0.6188857864869428,0.08889084448627603,0.0,0.0,0.0
4034911254,-0.6187306170690614,0.09625997555638456,0.0,0.0,0.0
4043474559,-0.18143908081605398,-0.3485030805195933,0.0,0.0,0.0
4043486514,-0.3641019924622142,-0.16546903746045383,0.0,0.0,0.0
4047561214,0.4751485743910983,0.2191566042051684,0.0,0.0,0.0
4047566818,0.07740896281716397,0.6413481706495386,0.0,0.0,0.0
4049536337,-0.6131810719646288,0.08464343190444781,0.0,0.0,0.0
4052219406,-0.6082495122336641,0.08901238093586596,0.0,0.0,0.0
4052220666,-0.6109781537416984,0.08259407763742665,0.0,0.0,0.0
4056694977,-0.46349773201108757,-0.05590051921150686,0.0,0.0,0.0
4071696924,-0.3443911050708893,-0.14803900425648014,0.0,0.0,0.0
4072975493,-0.6188570949499012,0.08877381478357026,0.0,0.0,0.0
4081026342,-0.5477170877777011,0.02577425291521926,0.0,0.0,0.0
4084190889,-0.005398436771037493,-0.46023020644537904,0.0,0.0,0.0
4084217696,-0.5281072871722291,0.05264477268375901,0.0,0.0,0.0
4093289082,-0.5576851441901562,0.13094751730389528,0.0,0.0,0.0
4099842851,-0.3435765637756032,-0.15102588660677924,0.0,0.0,0.0
4099874287,-0.44504911479686005,-0.028746641848889157,0.0,0.0,0.0
4102355432,-0.5167814056529331,-0.0033335514420314225,0.0,0.0,0.0
4102624469,-0.6217682126405896,0.09050170108171096,0.0,0.0,0.0
4110240997,-0.6103314880163234,0.08537182145851675,0.0,0.0,0.0
4121195473,-0.6210344293611718,0.08971491490289472,0.0,0.0,0.0
4126042134,-0.231588535076507,-0.06830881997868936,0.0,0.0,0.0
4129366369,-0.6170888605939812,0.09790173203146475,0.0,0.0,0.0
4129695341,2.525146903583189,1.8304326304602672,0.0,0.0,0.0
4131371989,-0.16686191993035931,-0.24053761207402136,0.0,0.0,0.0
4132017211,0.3072338158637342,-0.3637215594742797,0.0,0.0,0.0
4133787475,-0.541707087565078,0.09580466231375089,0.0,0.0,0.0
4134760595,-0.5877659451421849,0.06285628131965987,0.0,0.0,0.0
4135159796,-0.5529627687359402,0.12889195439803286,0.0,0.0,0.0
4139247338,-0.5858331439176996,0.06148184397248607,0.0,0.0,0.0
4159711209,-0.6162960066872689,0.0981144886898607,0.0,0.0,0.0
4159715207,-0.6160719478006983,0.0988460376331169,0.0,0.0,0.0
4160825211,-0.5853040490520134,0.07862316016937976,0.0,0.0,0.0
4161244154,-0.6145194218008665,0.08600789428022135,0.0,0.0,0.0
4197900834,-0.6196104040158269,0.0957063507584102,0.0,0.0,0.0
4200495666,-0.6159913878383001,0.0989265975955151,0.0,0.0,0.0
4202070514,0.6603422348709981,-0.8495113105747657,0.0,0.0,0.0
4202070616,0.7620878622179111,-1.2866808420503193,0.0,0.0,0.0
4202071607,-0.43425276036570004,-0.09568940096994717,0.0,0.0,0.0
4202071618,0.9683314266894768,1.3348580584221545,0.0,0.0,0.0
4204107348,0.5367128290960808,1.1614435591078445,0.0,0.0,0.0
4204187256,-0.6057121705547222,0.0802747000820021,0.0,0.0,0.0
4204188168,-0.4098980426875565,0.24311908067100693,0.0,0.0,0.0
4204193163,-0.09967701504986771,-0.06754641572474072,0.0,0.0,0.0
4212174977,-0.19681936437232384,-0.32567905643773154,0.0,0.0,0.0
4219020815,-0.3310193657332253,-0.15139352895939115,0.0,0.0,0.0
4221661693,-0.6160325934290696,0.09721770745142744,0.0,0.0,0.0
4221661728,-0.618412353385832,0.09646951852335019,0.0,0.0,0.0
4234618433,-0.31274427377968317,-0.20040363553270768,0.0,0.0,0.0
4242880472,-0.5647157401060292,0.10733384430476428,0.0,0.0,0.0
4242880691,-0.3512331898193361,-0.1476583840783149,0.0,0.0,0.0
4242892829,-0.3425563256112308,-0.15114607553608242,0.0,0.0,0.0
4248105819,-0.5932069679628236,0.10708275914041512,0.0,0.0,0.0
4252600227,-0.6121562099137923,0.09355244659622816,0.0,0.0,0.0
4252607556,-0.6114190210220448,0.09197076706416872,0.0,0.0,0.0
4261690441,-0.03434129734028358,0.5555721935015651,0.0,0.0,0.0
4264745685,-0.3005693456891815,-0.1870882803485303,0.0,0.0,0.0
4275758773,-0.5898432856493201,0.06636703357153495,0.0,0.0,0.0
4276383039,-0.2988625281623826,-0.06066308871615592,0.0,0.0,0.0
4279163885,-0.6178031429600594,0.08812599612140487,0.0,0.0,0.0
4279407057,-0.5929914302876665,0.09049410359026255,0.0,0.0,0.0
4279749965,-0.6083293411546815,0.07928834022599875,0.0,0.0,0.0
4279750145,-0.5712111892797538,0.07131400481699443,0.0,0.0,0.0
4279751790,-0.61828396970971,0.08945464702705283,0.0,0.0,0.0
4292921307,-0.5790950400058559,0.05111354147919615,0.0,0.0,0.0
4294109845,-0.44345296366730214,0.043327903669819014,0.0,0.0,0.0
4296735047,-0.5182137584817134,0.0376009622592356,0.0,0.0,0.0
4296736489,-0.6119482431237627,0.08375506635107739,0.0,0.0,0.0
4297550804,-0.6169259973915443,0.09026901576389998,0.0,0.0,0.0
4297551713,-0.6242551844363544,0.09251181345867343,0.0,0.0,0.0
4297552690,-0.6242551844363544,0.09251181345867343,0.0,0.0,0.0
4297553423,-0.6194842377365971,0.0902843392269083,0.0,0.0,0.0
4297554779,-0.5907030804264717,0.07574257196012177,0.0,0.0,0.0
4297554814,-0.6179229959364244,0.08919979016975374,0.0,0.0,0.0
4297702070,-0.5921914092716554,0.07093750098416488,0.0,0.0,0.0
4319188403,-0.5772940005278495,0.06891857450511636,0.0,0.0,0.0
4320866548,-0.5870020714095715,0.07300967145686871,0.0,0.0,0.0
4322427400,-0.46721108723101384,0.011751518808353746,0.0,0.0,0.0
4338955184,-0.583528887383946,0.05504672258063025,0.0,0.0,0.0
4340570461,-0.5994094789227431,0.08531151764000122,0.0,0.0,0.0
4344717799,0.04177362342397429,0.665958215571989,0.0,0.0,0.0
4346896712,-0.5187110702250829,0.14380961224744362,0.0,0.0,0.0
4346898072,-0.5818061708396537,0.07782542966222808,0.0,0.0,0.0
4351945033,-0.6048663222842691,0.09834099746695615,0.0,0.0,0.0
4351950083,-0.5975890157042355,0.10431441573655413,0.0,0.0,0.0
4352231253,-0.6020407289128792,0.10113237802553589,0.0,0.0,0.0
4352471260,-0.5851325759171313,0.05921730152949787,0.0,0.0,0.0
4374347510,-0.6180595377793103,0.08786066795658681,0.0,0.0,0.0
4374347550,-0.6185324737209127,0.08859031238526546,0.0,0.0,0.0
4381301192,-0.6242551844363544,0.09251181345867343,0.0,0.0,0.0
4391105601,-0.6242551844363544,0.09251181345867343,0.0,0.0,0.0
4392480606,-0.6242551844363544,0.09251181345867343,0.0,0.0,0.0
4394576383,0.062271186974120145,-0.2697745989478183,0.0,0.0,0.0
4400046220,-0.5588147502758265,0.05949537519854378,0.0,0.0,0.0
4412679814,-0.5196551487370884,0.07400908010173758,0.0,0.0,0.0
4414984239,0.09482062719591702,0.6790490889757929,0.0,0.0,0.0
4416216626,-0.4174730392034694,-0.0021114186077807935,0.0,0.0,0.0
4416217682,-0.44982313362046306,0.02680793258294556,0.0,0.0,0.0
4416218197,-0.39300811569446326,0.00010567301543767007,0.0,0.0,0.0
4416218436,-0.6131770848064045,0.08535448386075091,0.0,0.0,0.0
4416218504,-0.6036084022774039,0.08267117798003036,0.0,0.0,0.0
4418222478,-0.6242551844363544,0.09251181345867343,0.0,0.0,0.0
4419538066,-0.6192776244129926,0.09632917898540257,0.0,0.0,0.0
4419752507,-0.03209804023702224,0.5508426892829116,0.0,0.0,0.0
4420033984,-0.019000256565069526,0.6588140284116022,0.0,0.0,0.0
4420205420,-0.1476140802590142,0.501419151118976,0.0,0.0,0.0
4423851596,0.24385323710677798,0.6282579642446432,0.0,0.0,0.0
4430762734,-0.6188905083834428,0.0887898198574212,0.0,0.0,0.0
4430762995,-0.6167667484813812,0.08714256750306211,0.0,0.0,0.0
4437816674,-0.6102303274004964,0.08304387236481464,0.0,0.0,0.0
4437816731,-0.6104565702673732,0.08321677898072427,0.0,0.0,0.0
4437816799,-0.610232667378338,0.08315177367269509,0.0,0.0,0.0
4463028201,-0.6148466053119781,0.09804294046455268,0.0,0.0,0.0
4463592990,0.261542216288195,0.4290034973961565,0.0,0.0,0.0
4465819256,-0.5726107786125249,0.10207445952587445,0.0,0.0,0.0
4472621957,9.895257618991085,-10.39844387226348,0.0,0.0,0.0
4474140233,-0.573497845718521,0.049928995982807006,0.0,0.0,0.0
4476641835,-0.5949870703816096,0.0747943312539848,0.0,0.0,0.0
4476643377,0.9047652992708027,1.4286480613888357,0.0,0.0,0.0
4476805516,3.9071241247036523,-3.843745559219839,0.0,0.0,0.0
4476806578,1.0281622662429395,-1.1952058260670209,0.0,0.0,0.0
4476806752,-0.4415389210021049,0.16733074899081898,0.0,0.0,0.0
4481744739,-0.37040256921639747,0.17990008723845297,0.0,0.0,0.0
4481744777,-0.6139910190956815,0.08468500367000617,0.0,0.0,0.0
4482924045,-0.2383701914547322,-0.21992471725371204,0.0,0.0,0.0
4484592772,-0.6168415042446344,0.08790634243896447,0.0,0.0,0.0
4484974089,-0.5588254772983418,0.03623260687719888,0.0,0.0,0.0
4490021231,0.7651291736631931,-1.2699544054809306,0.0,0.0,0.0
4494033425,-0.6167479924544027,0.097988665071518,0.0,0.0,0.0
4500529445,-0.607912923792445,0.07876580594777574,0.0,0.0,0.0
4502378605,-0.24842371763817267,-0.17314695993565327,0.0,0.0,0.0
4520637677,0.4571459933167843,0.8259876920496235,0.0,0.0,0.0
4524037965,-0.6096301446275069,0.08784842968982146,0.0,0.0,0.0
4526625372,-0.6242551844363544,0.09251181345867343,0.0,0.0,0.0
4527720971,0.4558385925130428,0.7559126526919011,0.0,0.0,0.0
4533318992,-0.397764066781457,-0.10768786598514378,0.0,0.0,0.0
4533350618,-0.5975361110239482,0.07909735673281348,0.0,0.0,0.0
4533731831,1.402750527116735,0.6578701332842402,0.0,0.0,0.0
4534188658,1.2976433535201655,0.4018464409579367,0.0,0.0,0.0
4537077583,-0.46638681226236434,0.1516191993203592,0.0,0.0,0.0
4537077728,-0.4894339910786651,0.13049173944507894,0.0,0.0,0.0
4537082914,-0.49694892889266973,0.1196695630594152,0.0,0.0,0.0
4537083792,-0.46749065283624863,0.14705606322899226,0.0,0.0,0.0
4537387235,-0.5647705891734864,0.07064594270601737,0.0,0.0,0.0
4537387277,-0.43424413330500716,0.17418229069084162,0.0,0.0,0.0
4537388768,-0.4222420184578976,0.18679263332124477,0.0,0.0,0.0
4537388888,-0.5569758002130272,0.0678347596952938,0.0,0.0,0.0
4541545075,-0.22588624958021597,0.16944804571666244,0.0,0.0,0.0
4545195242,-0.6147792993180479,0.08610915200937051,0.0,0.0,0.0
4550640759,-0.5215277962291605,0.016885907774122154,0.0,0.0,0.0
4560561604,-0.255501668650975,-0.2556831703133224,0.0,0.0,0.0
4562502873,-0.3364726223407097,-0.07886438090133996,0.0,0.0,0.0
4564095007,-0.4493242494323917,-0.061437418235170384,0.0,0.0,0.0
4564442965,-0.5132635301491618,0.02544478418665366,0.0,0.0,0.0
4566214763,0.1963540620894622,-0.7262428871741424,0.0,0.0,0.0
4568987344,-0.5464058742785731,0.022029572965718797,0.0,0.0,0.0
4569113336,-0.6242551844363544,0.09251181345867343,0.0,0.0,0.0
4569113379,-0.6242551844363544,0.09251181345867343,0.0,0.0,0.0
4571361683,-0.570447515702148,0.09036252612986513,0.0,0.0,0.0
4574322251,-0.4233269466425229,-0.06735306694998959,0.0,0.0,0.0
4577270030,-0.3989150203864123,0.30802909880842344,0.0,0.0,0.0
4578633504,-0.5316733117179486,0.15210493178069068,0.0,0.0,0.0
4578638302,-0.5225041333905928,0.1673259765518181,0.0,0.0,0.0
4582400074,-0.579922139328096,0.10211505214086508,0.0,0.0,0.0
4591138741,-0.6180777643292465,0.08803004166356028,0.0,0.0,0.0
4601095795,-0.4158575754222448,0.019566058463019894,0.0,0.0,0.0
4601096070,-0.6187902679251654,0.09112656456051778,0.0,0.0,0.0
4604537103,-0.5069337857516935,0.005658748138951411,0.0,0.0,0.0
4608809893,2.8001314345088546,0.547226280472697,0.0,0.0,0.0
4615674607,-0.580519916247837,0.09116219721054993,0.0,0.0,0.0
4616936046,-0.5274570328034699,0.14378078926633933,0.0,0.0,0.0
4620051871,-0.377964036609159,0.18698930657577695,0.0,0.0,0.0
4621869722,-0.3009432845393393,-0.12473872904653177,0.0,0.0,0.0
4622055674,-0.6210818660359282,0.09061023129224328,0.0,0.0,0.0
4622557763,-0.5919351390186623,0.07619264333110246,0.0,0.0,0.0
4624415996,-0.5996866377319928,0.07689931222919913,0.0,0.0,0.0
4625197987,0.175100432297312,-0.6347843058746906,0.0,0.0,0.0
4640026292,-0.5905264400319448,0.07822857721934152,0.0,0.0,0.0
4640027304,-0.3971589944090064,0.006978922873091747,0.0,0.0,0.0
4640563472,-0.6050947818568365,0.09597487066435464,0.0,0.0,0.0
4644685552,-0.5483240596451889,0.13269815171040097,0.0,0.0,0.0
4645263687,-0.517459122944382,0.07633182001596356,0.0,0.0,0.0
4645263712,-0.5300436416850751,0.02516285127258018,0.0,0.0,0.0
4645263787,-0.619368675421461,0.09032767449277827,0.0,0.0,0.0
4645263861,-0.6209209062700546,0.09066094977239514,0.0,0.0,0.0
4646372533,-0.6178165608927965,0.0898878430311562,0.0,0.0,0.0
4646705078,-0.305971898755399,-0.1818468472071092,0.0,0.0,0.0
4650381071,-0.30318607192534186,-0.13116308244267819,0.0,0.0,0.0
4652685954,-0.6051717263774034,0.09441283663957921,0.0,0.0,0.0
4660178451,-0.6242551844363544,0.09251181345867343,0.0,0.0,0.0
4661766853,-0.6208965781224124,0.09079551920575914,0.0,0.0,0.0
4663661893,-0.4906731991443627,-0.03420868538078372,0.0,0.0,0.0
4664326597,2.034042334585163,2.054453144810951,0.0,0.0,0.0
4665617026,2.025695578103001,0.2699812573229874,0.0,0.0,0.0
4665712396,0.4761333497007113,0.146003603922717,0.0,0.0,0.0
4665712499,1.421517049254496,0.002164944147787054,0.0,0.0,0.0
4665891113,0.05256649500358151,-0.4023538659155012,0.0,0.0,0.0
4665892165,-0.502255684365988,0.04660776211836129,0.0,0.0,0.0
